Date,Sender,Message
2024-12-06 06:47:13+00:00,-1001843670580,
2024-12-06 06:47:13+00:00,-1001843670580,
2024-12-06 06:47:07+00:00,-1001843670580,
2024-12-06 06:47:07+00:00,-1001843670580,J.....
2024-12-06 06:44:17+00:00,-1001843670580,
2024-12-06 06:44:17+00:00,-1001843670580,
2024-12-06 06:08:14+00:00,-1001843670580,J..
2024-12-06 06:08:02+00:00,-1001843670580,
2024-12-06 06:08:02+00:00,-1001843670580,J...
2024-12-06 06:07:55+00:00,-1001843670580,
2024-12-06 06:07:54+00:00,-1001843670580,
2024-12-06 05:56:31+00:00,-1001843670580,Morning jackpot return â¤ï¸ğŸ‘ğŸ‘ğŸ‘ğŸ‘
2024-12-06 05:56:05+00:00,-1001843670580,Morning jackpot return â¤ï¸â¤ï¸ğŸ‘ğŸ‘â¤ï¸
2024-12-06 05:54:03+00:00,-1001843670580,Banknifty rising wedge pattern show â¤ï¸ğŸ‘ğŸ‘â¤ï¸â¤ï¸â¤ï¸â¤ï¸â¤ï¸ğŸ‘
2024-12-06 05:52:22+00:00,-1001843670580,Nifty showing pattern â¤ï¸ğŸ‘ğŸ‘â¤ï¸â¤ï¸â¤ï¸ğŸ‘
2024-12-06 05:40:57+00:00,-1001843670580,Sideways â¤ï¸ğŸ‘ğŸ‘â¤ï¸â¤ï¸ğŸ‘
2024-12-06 05:40:04+00:00,-1001843670580,J...
2024-12-06 04:37:40+00:00,-1001843670580,0 POINT RATE CUT
2024-12-06 04:21:02+00:00,-1001843670580,nifty important resistance trendlineâ¤ï¸â¤ï¸ğŸ‘â¤ï¸â¤ï¸ğŸ‘ğŸ‘â¤ï¸
2024-12-06 04:15:33+00:00,-1001843670580,"Range is big and current momentum is slow. 

All eyes on RBI policy, wait for clear momentum before considering any tradeâ¤ï¸ğŸ‘ğŸ‘â¤ï¸ğŸ‘"
2024-12-06 04:15:13+00:00,-1001843670580,Nifty PCR data
2024-12-06 04:15:05+00:00,-1001843670580,Banknifty pcR data
2024-12-06 04:08:39+00:00,-1001843670580,Target done ğŸ‘ğŸ‘âœ…âœ…
2024-12-06 04:04:05+00:00,-1001843670580,
2024-12-06 04:03:54+00:00,-1001843670580,821
2024-12-06 03:52:25+00:00,-1001843670580,
2024-12-06 03:51:55+00:00,-1001843670580,815
2024-12-06 03:50:19+00:00,-1001843670580,814
2024-12-06 03:50:07+00:00,-1001843670580,811
2024-12-06 03:49:57+00:00,-1001843670580,810
2024-12-06 03:49:52+00:00,-1001843670580,800
2024-12-06 03:49:45+00:00,-1001843670580,799
2024-12-06 03:49:40+00:00,-1001843670580,789
2024-12-06 03:49:34+00:00,-1001843670580,789
2024-12-06 03:49:09+00:00,-1001843670580,788
2024-12-06 03:49:00+00:00,-1001843670580,786
2024-12-06 03:48:55+00:00,-1001843670580,784
2024-12-06 03:48:42+00:00,-1001843670580,"Buy banknifty 53700 pe
@778
SL
TGT.790.800.830+++"
2024-12-06 03:30:28+00:00,-1001843670580,Nifty 30 mint time frame â¤ï¸ğŸ‘ğŸ‘ğŸ‘ğŸ‘
2024-12-06 03:17:05+00:00,-1001843670580,ETH profit done â¤ï¸â¤ï¸â¤ï¸ğŸ‘ğŸ‘ğŸ‘
2024-12-06 03:12:31+00:00,-1001843670580,BTcâ¤ï¸ğŸ‘ğŸ‘ğŸ‘â¤ï¸
2024-12-06 03:11:21+00:00,-1001843670580,Aaj RBI ki monitory policy bhi h so trade carefullyâ¤ï¸â¤ï¸â¤ï¸ğŸ‘ğŸ‘ğŸ‘ğŸ‘â¤ï¸â¤ï¸
2024-12-06 03:04:06+00:00,-1001843670580,banknifty important levelâ¤ï¸ğŸ‘ğŸ‘â¤ï¸â¤ï¸â¤ï¸â¤ï¸
2024-12-06 02:54:40+00:00,-1001843670580,finnifty important levelâ¤ï¸ğŸ‘ğŸ‘â¤ï¸â¤ï¸â¤ï¸â¤ï¸
2024-12-06 02:49:46+00:00,-1001843670580,nifty important levelâ¤ï¸ğŸ‘ğŸ‘â¤ï¸â¤ï¸â¤ï¸â¤ï¸â¤ï¸â¤ï¸â¤ï¸â¤ï¸ğŸ‘â¤ï¸â¤ï¸
2024-12-06 02:49:10+00:00,-1001843670580,Long short ratio of fii dii data â¤ï¸ğŸ‘ğŸ‘ğŸ‘ğŸ‘â¤ï¸â¤ï¸â¤ï¸ğŸ‘ğŸ‘â¤ï¸â¤ï¸ğŸ‘ğŸ‘â¤ï¸â¤ï¸
2024-12-06 02:48:03+00:00,-1001843670580,"Last working day fii dii data 
Fii continue buying 
Dii continue selling â¤ï¸â¤ï¸ğŸ‘ğŸ‘â¤ï¸â¤ï¸ğŸ‘ğŸ‘â¤ï¸â¤ï¸â¤ï¸"
2024-12-06 02:43:41+00:00,-1001843670580,"Global market view 
Gifnifty showing flat opening â¤ï¸â¤ï¸â¤ï¸ğŸ‘ğŸ‘â¤ï¸â¤ï¸"
2024-12-06 02:41:14+00:00,-1001843670580,
2024-12-05 16:56:25+00:00,-1001843670580,"Hi
Kya ap bhi stock charts dekh kar confused ho jate hain?
Trading karna hai lekin strategy clear nahi?
Join- our account management services ğŸ’¥ Hurry Up join FastğŸ’¥
Few space left for AcÂ  handling
âœŒï¸âœŒï¸âœŒï¸âœŒï¸âœŒï¸âœŒï¸âœŒï¸âœŒï¸âœŒï¸âœŒï¸
AccountÂ  space available

Broker application name 

FYERS & ZERODHA ,angel one ,upstox,Dhan ,Growww and all others 

Solution ğŸ‘‡

Solutuon For those Who are busy in Office Work or beginners Or Having Of Old losses 

Get profit Risk free in Your Demat account 

ğŸš€50:50 PROFIT SHARING ğŸš€

Capital Requirement :-Â Â  50k -10Lakh 

Capital 50 k ( Daily Profit 10k++)
Capital 1 Lakh ( Daily Profit 10k_20k++)
Capital 5 Lakh ( Daily Profit 70k+)

Our Work is reliable 
Our all employees have minimum experience 5 yr

Our first Target not depends on profit.. our first Target depends on capital safety so if you want daily profit we don't give its but we give you a safety of capital..

Interest ping me below this link

WhatsApp link 

 ğŸ‘‡ğŸ»ğŸ‘‡ğŸ‘‡ğŸ‘‡ğŸ‘‡ğŸ‘‡ğŸ‘‡ğŸ‘‡ğŸ‘‡ğŸ‘‡

http://Wa.me/+919785609678/?text=*account_handling_service*for"
2024-12-05 10:28:06+00:00,-1001843670580,Jackpot return today âœŒï¸âœŒï¸
2024-12-05 10:28:06+00:00,-1001843670580,
2024-12-05 10:26:39+00:00,-1001843670580,Jackpot return today âœŒï¸âœŒï¸âœŒï¸
2024-12-05 10:26:39+00:00,-1001843670580,
2024-12-05 10:26:01+00:00,-1001843670580,Jackpot return today âœŒï¸âœŒï¸
2024-12-05 10:26:01+00:00,-1001843670580,
2024-12-05 08:57:09+00:00,-1001843670580,Jackpot return today â¤ï¸â¤ï¸ğŸ‘ğŸ‘â¤ï¸ğŸ‘ğŸ‘â¤ï¸â¤ï¸â¤ï¸
2024-12-05 08:56:14+00:00,-1001843670580,Jackpot return today â¤ï¸â¤ï¸ğŸ‘ğŸ‘â¤ï¸ğŸ‘ğŸ‘â¤ï¸â¤ï¸ğŸ‘
2024-12-05 08:51:28+00:00,-1001843670580,2lack profit done ğŸ‘ğŸ‘ğŸ‘âœ…âœ…ğŸ‘
2024-12-05 08:08:59+00:00,-1001843670580,J....
2024-12-05 08:08:51+00:00,-1001843670580,J...
2024-12-05 08:08:41+00:00,-1001843670580,J....
2024-12-05 08:08:37+00:00,-1001843670580,J....
2024-12-05 08:07:43+00:00,-1001843670580,"Finally bitcoin 100k
Â  Celebrationâ¤ï¸ğŸ‘ğŸ‘ğŸ‘ğŸ‘â¤ï¸"
2024-12-05 08:06:37+00:00,-1001843670580,Nifty PCR data
2024-12-05 08:06:21+00:00,-1001843670580,Banknifty pcR data â¤ï¸ğŸ‘ğŸ‘â¤ï¸â¤ï¸
2024-12-05 07:04:25+00:00,-1001843670580,Jackpot return today â¤ï¸ğŸ‘ğŸ‘â¤ï¸â¤ï¸
2024-12-05 07:03:58+00:00,-1001843670580,nifty 300 points up from the support level aapko last 3 days se bata rahi hun ki 24352 important support h yahan se fast move aayegaâ¤ï¸ğŸ‘ğŸ‘â¤ï¸â¤ï¸
2024-12-05 07:03:29+00:00,-1001843670580,"banknifty 800 points up from the support aapko instagram ki video main bataya tha ki 52800 per best trade hogi or fast move aayega 
aap video check kar sakte hoâ¤ï¸ğŸ‘ğŸ‘â¤ï¸â¤ï¸â¤ï¸"
2024-12-05 07:03:07+00:00,-1001843670580,finnifty 400 points apne important support se jo kal break hua tha again usko retest karne ke bad upside moveâ¤ï¸ğŸ‘ğŸ‘â¤ï¸ğŸ‘ğŸ‘â¤ï¸â¤ï¸
2024-12-05 06:28:55+00:00,-1001843670580,Nervousness or manipulation â¤ï¸ğŸ‘ğŸ‘ğŸ‘â¤ï¸ğŸ‘
2024-12-05 06:28:48+00:00,-1001843670580,
2024-12-05 06:28:48+00:00,-1001843670580,J....
2024-12-05 06:28:35+00:00,-1001843670580,
2024-12-05 06:28:35+00:00,-1001843670580,J....
2024-12-05 06:26:03+00:00,-1001843670580,Algo â¤ï¸ğŸ‘ğŸ‘â¤ï¸â¤ï¸
2024-12-05 05:31:07+00:00,-1001843670580,
2024-12-05 05:31:00+00:00,-1001843670580,836
2024-12-05 05:18:32+00:00,-1001843670580,793
2024-12-05 05:17:59+00:00,-1001843670580,
2024-12-05 05:17:49+00:00,-1001843670580,790
2024-12-05 05:06:46+00:00,-1001843670580,Nifty is trading at recent support + formed bullish hns pattern on smaller tf ( wait for breakout )â¤ï¸ğŸ‘ğŸ‘ğŸ‘ğŸ‘ğŸ‘ğŸ‘
2024-12-05 05:06:21+00:00,-1001843670580,nifty morning star candle stick pattern in 15 minutes but agar low break hua the sharp selling aa sakti hai
2024-12-05 05:05:55+00:00,-1001843670580,Morning jackpot return â¤ï¸ğŸ‘â¤ï¸â¤ï¸â¤ï¸â¤ï¸ğŸ‘
2024-12-05 05:05:22+00:00,-1001843670580,Banknifty support
2024-12-05 05:04:44+00:00,-1001843670580,Banknifty pcR data
2024-12-05 05:04:19+00:00,-1001843670580,Banknifty pcR data
2024-12-05 05:04:09+00:00,-1001843670580,Nifty PCR data â¤ï¸ğŸ‘ğŸ‘â¤ï¸â¤ï¸
2024-12-05 05:03:30+00:00,-1001843670580,nifty morning star candle stick pattern in 15 minutes but agar low break hua the sharp selling aa sakti haiâ¤ï¸ğŸ‘ğŸ‘â¤ï¸â¤ï¸ğŸ‘ğŸ‘
2024-12-05 05:03:03+00:00,-1001843670580,Jackpot return today â¤ï¸ğŸ‘ğŸ‘â¤ï¸â¤ï¸
2024-12-05 05:02:49+00:00,-1001843670580,Jackpot return â¤ï¸ğŸ‘â¤ï¸â¤ï¸ğŸ‘ğŸ‘
2024-12-05 05:02:38+00:00,-1001843670580,Morning jackpot return â¤ï¸ğŸ‘â¤ï¸
2024-12-05 05:01:34+00:00,-1001843670580,banknifty 200 points down after break ist supportâ¤ï¸â¤ï¸ğŸ‘â¤ï¸â¤ï¸â¤ï¸
2024-12-05 05:01:12+00:00,-1001843670580,nifty also 90 points downâ¤ï¸ğŸ‘ğŸ‘â¤ï¸â¤ï¸â¤ï¸
2024-12-05 04:51:40+00:00,-1001843670580,Target done ğŸ’¯âœ…âœ…âœ…âœ…30 point achieve by put
2024-12-05 04:49:48+00:00,-1001843670580,783
2024-12-05 04:49:21+00:00,-1001843670580,781
2024-12-05 04:49:09+00:00,-1001843670580,780
2024-12-05 04:49:04+00:00,-1001843670580,779
2024-12-05 04:46:19+00:00,-1001843670580,
2024-12-05 04:41:27+00:00,-1001843670580,775
2024-12-05 04:40:04+00:00,-1001843670580,774
2024-12-05 04:39:50+00:00,-1001843670580,773
2024-12-05 04:39:44+00:00,-1001843670580,770
2024-12-05 04:39:31+00:00,-1001843670580,765
2024-12-05 04:39:26+00:00,-1001843670580,764
2024-12-05 04:39:19+00:00,-1001843670580,762
2024-12-05 04:39:12+00:00,-1001843670580,760
2024-12-05 04:39:06+00:00,-1001843670580,"Buy banknifty 53100 pe
@753
SL.
TGT.780.790+++"
2024-12-05 02:38:59+00:00,-1001843670580,Long shot ratio of fii and dii âœŒï¸âœŒï¸âœŒï¸
2024-12-05 02:38:59+00:00,-1001843670580,"FII DII DATA 
FII were net buying privious day
Dii on selling âœŒï¸âœŒï¸âœŒï¸âœŒï¸âœŒï¸âœŒï¸âœŒï¸"
2024-12-05 02:38:45+00:00,-1001843670580,Sensex important levels âœŒï¸âœŒï¸
2024-12-05 02:38:13+00:00,-1001843670580,Midcpnifty important levels âœŒï¸âœŒï¸
2024-12-05 02:37:29+00:00,-1001843670580,Banknifty important levels âœŒï¸âœŒï¸
2024-12-05 02:37:01+00:00,-1001843670580,Nifty important levels âœŒï¸âœŒï¸
2024-12-05 02:05:36+00:00,-1001843670580,"Global market update 
Gifnifty showing a flat opening 
âœŒï¸âœŒï¸âœŒï¸âœŒï¸âœŒï¸âœŒï¸âœŒï¸âœŒï¸âœŒï¸âœŒï¸âœŒï¸âœŒï¸"
2024-12-05 02:03:23+00:00,-1001843670580,
2024-12-04 11:11:42+00:00,-1001843670580,âœŒï¸âœŒï¸âœŒï¸âœŒï¸âœŒï¸âœŒï¸
2024-12-04 11:11:42+00:00,-1001843670580,
2024-12-04 11:11:11+00:00,-1001843670580,Jackpot return today
2024-12-04 11:11:11+00:00,-1001843670580,
2024-12-04 09:44:50+00:00,-1001843670580,Jackpot return today
2024-12-04 09:42:03+00:00,-1001843670580,
2024-12-04 09:32:44+00:00,-1001843670580,Jackpot blast â¤ï¸ğŸ‘ğŸ‘ğŸ‘â¤ï¸â¤ï¸â¤ï¸ğŸ‘ğŸ‘ğŸ‘
2024-12-04 09:31:48+00:00,-1001843670580,J...
2024-12-04 09:31:43+00:00,-1001843670580,J......
2024-12-04 09:31:29+00:00,-1001843670580,J....
2024-12-04 09:31:23+00:00,-1001843670580,J......
2024-12-04 09:31:16+00:00,-1001843670580,J...
2024-12-04 09:31:10+00:00,-1001843670580,J....
2024-12-04 09:28:41+00:00,-1001843670580,J.....mm
2024-12-04 09:20:28+00:00,-1001843670580,
2024-12-04 09:17:55+00:00,-1001843670580,
2024-12-04 09:16:18+00:00,-1001843670580,915
2024-12-04 09:16:04+00:00,-1001843670580,909
2024-12-04 09:15:30+00:00,-1001843670580,906
2024-12-04 09:14:40+00:00,-1001843670580,905
2024-12-04 09:14:35+00:00,-1001843670580,901
2024-12-04 09:14:22+00:00,-1001843670580,900
2024-12-04 09:14:18+00:00,-1001843670580,"Buy banknifty 53200 call
@895
SL
TGT.900.920++++"
2024-12-04 08:53:11+00:00,-1001843670580,J...
2024-12-04 08:49:56+00:00,-1001843670580,
2024-12-04 08:49:56+00:00,-1001843670580,J.....j.mmm
2024-12-04 08:47:07+00:00,-1001843670580,Jackpot return today â¤ï¸ğŸ‘ğŸ‘â¤ï¸â¤ï¸ğŸ‘ğŸ‘â¤ï¸â¤ï¸ğŸ‘
2024-12-04 08:47:07+00:00,-1001843670580,
2024-12-04 08:45:30+00:00,-1001843670580,
2024-12-04 08:45:30+00:00,-1001843670580,J....
2024-12-04 08:44:46+00:00,-1001843670580,
2024-12-04 08:44:46+00:00,-1001843670580,J.....
2024-12-04 08:29:09+00:00,-1001843670580,Banknifty pcR data â¤ï¸â¤ï¸ğŸ‘â¤ï¸â¤ï¸
2024-12-04 08:28:59+00:00,-1001843670580,Nifty PCR data â¤ï¸ğŸ‘ğŸ‘â¤ï¸â¤ï¸â¤ï¸â¤ï¸
2024-12-04 08:25:52+00:00,-1001843670580,J...
2024-12-04 08:25:45+00:00,-1001843670580,J....
2024-12-04 08:25:45+00:00,-1001843670580,J...
2024-12-04 08:25:35+00:00,-1001843670580,J.....
2024-12-04 08:17:37+00:00,-1001843670580,Market recovery by fall
2024-12-04 08:13:53+00:00,-1001843670580,Exit
2024-12-04 08:13:49+00:00,-1001843670580,"155 point achieve by call 
Jackpot return calls"
2024-12-04 08:12:01+00:00,-1001843670580,
2024-12-04 08:10:12+00:00,-1001843670580,982
2024-12-04 08:09:59+00:00,-1001843670580,974
2024-12-04 08:09:52+00:00,-1001843670580,967
2024-12-04 08:09:45+00:00,-1001843670580,963
2024-12-04 08:09:16+00:00,-1001843670580,"110 point achieve by call â¤ï¸ğŸ‘ğŸ‘ğŸ‘â¤ï¸â¤ï¸
Jackpot return calls"
2024-12-04 08:09:15+00:00,-1001843670580,
2024-12-04 08:07:19+00:00,-1001843670580,942
2024-12-04 08:04:19+00:00,-1001843670580,938
2024-12-04 08:02:10+00:00,-1001843670580,
2024-12-04 07:58:31+00:00,-1001843670580,885
2024-12-04 07:58:21+00:00,-1001843670580,882
2024-12-04 07:58:09+00:00,-1001843670580,880
2024-12-04 07:58:00+00:00,-1001843670580,877
2024-12-04 07:56:57+00:00,-1001843670580,50 point achieve by call ğŸ‘ğŸ‘ğŸ‘ğŸ‘ğŸ‘ğŸ‘ğŸ‘
2024-12-04 07:54:23+00:00,-1001843670580,Last Target done ğŸ‘ğŸ‘âœ…âœ…âœ…
2024-12-04 07:53:24+00:00,-1001843670580,875
2024-12-04 07:52:02+00:00,-1001843670580,
2024-12-04 07:51:44+00:00,-1001843670580,874
2024-12-04 07:50:56+00:00,-1001843670580,869
2024-12-04 07:50:50+00:00,-1001843670580,
2024-12-04 07:50:17+00:00,-1001843670580,866
2024-12-04 07:49:30+00:00,-1001843670580,
2024-12-04 07:48:39+00:00,-1001843670580,862
2024-12-04 07:48:25+00:00,-1001843670580,860
2024-12-04 07:42:46+00:00,-1001843670580,ZOMATOâ¤ï¸ğŸ‘ğŸ‘â¤ï¸â¤ï¸â¤ï¸â¤ï¸â¤ï¸
2024-12-04 07:41:52+00:00,-1001843670580,Nifty
2024-12-04 07:32:49+00:00,-1001843670580,"Target done ğŸ‘âœ…âœ…âœ…âœ…ğŸ‘âœ…âœ…âœ…âœ…ğŸ‘
26 point achieve by call"
2024-12-04 07:30:49+00:00,-1001843670580,853
2024-12-04 07:30:43+00:00,-1001843670580,850
2024-12-04 07:30:38+00:00,-1001843670580,845
2024-12-04 07:28:59+00:00,-1001843670580,842
2024-12-04 07:28:40+00:00,-1001843670580,840
2024-12-04 07:28:25+00:00,-1001843670580,839
2024-12-04 07:27:52+00:00,-1001843670580,838
2024-12-04 07:23:55+00:00,-1001843670580,835
2024-12-04 07:23:46+00:00,-1001843670580,834
2024-12-04 07:23:37+00:00,-1001843670580,833
2024-12-04 07:23:27+00:00,-1001843670580,830
2024-12-04 07:23:22+00:00,-1001843670580,829
2024-12-04 07:23:15+00:00,-1001843670580,"Buy banknifty 53100 call
@826
SL
TGT.840.850++"
2024-12-04 07:13:07+00:00,-1001843670580,"Banknifty Algo jackpot 
Profit"
2024-12-04 07:10:22+00:00,-1001843670580,Nifty PCR data â¤ï¸ğŸ‘ğŸ‘ğŸ‘â¤ï¸
2024-12-04 07:10:12+00:00,-1001843670580,PCR data â¤ï¸ğŸ‘ğŸ‘ğŸ‘â¤ï¸ğŸ‘bnf
2024-12-04 07:08:42+00:00,-1001843670580,Banknifty support se upper side â¤ï¸ğŸ‘ğŸ‘â¤ï¸â¤ï¸
2024-12-04 06:47:06+00:00,-1001843670580,Jackpot return today â¤ï¸ğŸ‘ğŸ‘â¤ï¸â¤ï¸
2024-12-04 06:46:16+00:00,-1001843670580,"#JUBLINGREA CMP 813

Referring to my previous Tweets, the First BreakOut was at 500 back in April 2024.

It then made a Second BreakOut at 650 during August of 2024.

Now seems like this could be the 3rd and Final Attempt for a BreakOut of the ATH and then sky seems pretty much open for it.

PlanYourTrade
#MasterInOne"
2024-12-04 06:44:53+00:00,-1001843670580,30 point achieve by put â¤ï¸ğŸ‘ğŸ‘â¤ï¸â¤ï¸â¤ï¸â¤ï¸
2024-12-04 06:41:25+00:00,-1001843670580,788
2024-12-04 06:41:14+00:00,-1001843670580,787
2024-12-04 06:41:00+00:00,-1001843670580,785
2024-12-04 06:40:41+00:00,-1001843670580,783
2024-12-04 06:40:23+00:00,-1001843670580,780
2024-12-04 06:40:13+00:00,-1001843670580,776
2024-12-04 06:40:08+00:00,-1001843670580,775
2024-12-04 06:39:59+00:00,-1001843670580,770
2024-12-04 06:39:54+00:00,-1001843670580,765
2024-12-04 06:39:49+00:00,-1001843670580,"Buy banknifty 53000 pe
@760
SL.
TGT.770.780++++"
2024-12-04 06:36:59+00:00,-1001843670580,Banknifty 200 point fall
2024-12-04 06:34:46+00:00,-1001843670580,Nifty in 100 point fall
2024-12-04 06:24:20+00:00,-1001843670580,Nifty PCR data â¤ï¸ğŸ‘ğŸ‘â¤ï¸â¤ï¸ğŸ‘ğŸ‘ğŸ‘
2024-12-04 06:23:59+00:00,-1001843670580,Banknifty pcR data â¤ï¸ğŸ‘ğŸ‘â¤ï¸â¤ï¸ğŸ‘
2024-12-04 06:07:32+00:00,-1001843670580,Tcs pole and fleg pattern breakout â¤ï¸â¤ï¸ğŸ‘ğŸ‘â¤ï¸â¤ï¸â¤ï¸ğŸ˜”
2024-12-04 06:06:09+00:00,-1001843670580,"Next jackpot calls
After some time â¤ï¸ğŸ‘ğŸ‘â¤ï¸â¤ï¸ğŸ‘ğŸ‘"
2024-12-04 06:03:26+00:00,-1001843670580,"PCR data 
Nifty â¤ï¸ğŸ‘ğŸ‘ğŸ‘â¤ï¸ğŸ˜Š"
2024-12-04 06:02:43+00:00,-1001843670580,"Pcr data â¤ï¸ğŸ‘ğŸ‘â¤ï¸â¤ï¸
Banknifty â¤ï¸ğŸ‘ğŸ‘ğŸ‘"
2024-12-04 06:00:26+00:00,-1001843670580,Enjoy â¤ï¸â¤ï¸ğŸ‘â¤ï¸â¤ï¸
2024-12-04 05:58:05+00:00,-1001843670580,J.....
2024-12-04 05:55:45+00:00,-1001843670580,"Wipro support 295
Wipro showing triangle pattern â¤ï¸ğŸ‘ğŸ‘ğŸ‘"
2024-12-04 05:53:22+00:00,-1001843670580,"Tcs bullish â¤ï¸ğŸ‘ğŸ‘ğŸ‘â¤ï¸
Pole and fleg pattern â¤ï¸â¤ï¸ğŸ‘â¤ï¸â¤ï¸â¤ï¸â¤ï¸â¤ï¸"
2024-12-04 05:50:13+00:00,-1001843670580,Morning jackpot return â¤ï¸â¤ï¸ğŸ‘ğŸ‘â¤ï¸ğŸ‘ğŸ‘ğŸ‘ğŸ‘
2024-12-04 05:44:23+00:00,-1001843670580,Nifty continue renging â¤ï¸ğŸ‘ğŸ‘ğŸ‘ğŸ‘
2024-12-04 05:40:09+00:00,-1001843670580,"Sensex 81200 resistance 
Support.80800"
2024-12-04 05:36:24+00:00,-1001843670580,Banknifty continue bullishâ¤ï¸ğŸ‘ğŸ‘ğŸ‘ğŸ‘ğŸ‘â¤ï¸â¤ï¸â¤ï¸
2024-12-04 05:35:10+00:00,-1001843670580,Nifty support 24500
2024-12-04 05:31:08+00:00,-1001843670580,Banknifty at resistance â¤ï¸â¤ï¸ğŸ‘â¤ï¸â¤ï¸ğŸ‘ğŸ‘â¤ï¸
2024-12-04 05:30:01+00:00,-1001843670580,J..m
2024-12-04 05:29:55+00:00,-1001843670580,J..
2024-12-04 05:29:47+00:00,-1001843670580,J....
2024-12-04 05:29:40+00:00,-1001843670580,J...
2024-12-04 05:27:51+00:00,-1001843670580,J...
2024-12-04 05:27:44+00:00,-1001843670580,J..m
2024-12-04 05:24:23+00:00,-1001843670580,
2024-12-04 05:24:21+00:00,-1001843670580,J...
2024-12-04 05:24:14+00:00,-1001843670580,J...
2024-12-04 05:24:05+00:00,-1001843670580,J...
2024-12-04 05:23:56+00:00,-1001843670580,J....
2024-12-04 04:56:48+00:00,-1001843670580,Nifty
2024-12-04 04:51:52+00:00,-1001843670580,nifty 15 minutes shooting star candle stick patternâ¤ï¸ğŸ‘ğŸ‘ğŸ‘â¤ï¸
2024-12-04 04:51:18+00:00,-1001843670580,"Breakout Soon Candidate!â¤ï¸ğŸ‘ğŸ‘ğŸ‘â¤ï¸â¤ï¸
ZOMATO

1- Hovering below Resistance 
2- Volum Buildup Seen 
3- Basing Pattern 

Keep on Radar.
Potential Upside Stock!"
2024-12-04 04:49:02+00:00,-1001843670580,
2024-12-04 04:49:02+00:00,-1001843670580,
2024-12-04 04:49:01+00:00,-1001843670580,
2024-12-04 04:49:01+00:00,-1001843670580,
2024-12-04 04:48:50+00:00,-1001843670580,J...
2024-12-04 04:48:41+00:00,-1001843670580,J...m
2024-12-04 04:47:24+00:00,-1001843670580,J.....
2024-12-04 04:46:57+00:00,-1001843670580,J....
2024-12-04 04:46:43+00:00,-1001843670580,Algo jackpot calls
2024-12-04 04:45:18+00:00,-1001843670580,finnifty break important resistance zone daily time frame chartâ¤ï¸ğŸ‘ğŸ‘ğŸ‘ğŸ‘â¤ï¸ğŸ‘
2024-12-04 04:32:18+00:00,-1001843670580,"J,m"
2024-12-04 04:32:10+00:00,-1001843670580,J..
2024-12-04 04:32:00+00:00,-1001843670580,Morning blast
2024-12-04 04:31:47+00:00,-1001843670580,
2024-12-04 04:31:43+00:00,-1001843670580,J.m
2024-12-04 04:31:36+00:00,-1001843670580,J.m
2024-12-04 04:31:28+00:00,-1001843670580,Morning jackpot return
2024-12-04 04:31:06+00:00,-1001843670580,finnifty 100 points up after break 24375 ye important resistance tha apko kal bhi btaya thaâ¤ï¸ğŸ‘ğŸ‘â¤ï¸â¤ï¸ğŸ‘â¤ï¸â¤ï¸ğŸ‘ğŸ‘
2024-12-04 04:30:38+00:00,-1001843670580,nifty 80 points up after break the previous day highâ¤ï¸ğŸ‘ğŸ‘ğŸ‘â¤ï¸â¤ï¸ğŸ‘ğŸ‘ğŸ‘ğŸ‘
2024-12-04 04:21:23+00:00,-1001843670580,Target done ğŸ‘ğŸ‘âœ…âœ…ğŸ‘ğŸ‘ğŸ‘ğŸ‘
2024-12-04 04:20:24+00:00,-1001843670580,Exit now
2024-12-04 04:20:15+00:00,-1001843670580,962
2024-12-04 04:19:55+00:00,-1001843670580,961
2024-12-04 04:18:09+00:00,-1001843670580,Target 970
2024-12-04 04:17:59+00:00,-1001843670580,960
2024-12-04 04:17:28+00:00,-1001843670580,100pointachivedâ¤ï¸ğŸ‘ğŸ‘â¤ï¸â¤ï¸ğŸ‘ğŸ‘ğŸ‘
2024-12-04 04:15:50+00:00,-1001843670580,
2024-12-04 04:15:12+00:00,-1001843670580,958
2024-12-04 04:15:07+00:00,-1001843670580,945
2024-12-04 04:15:03+00:00,-1001843670580,940
2024-12-04 04:14:56+00:00,-1001843670580,938
2024-12-04 04:14:18+00:00,-1001843670580,930
2024-12-04 04:14:05+00:00,-1001843670580,925
2024-12-04 04:13:53+00:00,-1001843670580,923
2024-12-04 04:08:00+00:00,-1001843670580,918
2024-12-04 04:07:55+00:00,-1001843670580,911
2024-12-04 04:07:47+00:00,-1001843670580,908
2024-12-04 04:07:32+00:00,-1001843670580,905
2024-12-04 04:07:23+00:00,-1001843670580,904
2024-12-04 04:07:15+00:00,-1001843670580,903
2024-12-04 04:07:00+00:00,-1001843670580,
2024-12-04 04:05:22+00:00,-1001843670580,901
2024-12-04 04:05:14+00:00,-1001843670580,900
2024-12-04 04:04:48+00:00,-1001843670580,895
2024-12-04 04:04:44+00:00,-1001843670580,
2024-12-04 04:04:35+00:00,-1001843670580,891
2024-12-04 04:04:19+00:00,-1001843670580,890
2024-12-04 04:01:46+00:00,-1001843670580,886
2024-12-04 04:01:34+00:00,-1001843670580,885
2024-12-04 04:01:28+00:00,-1001843670580,877
2024-12-04 04:01:23+00:00,-1001843670580,876
2024-12-04 04:00:22+00:00,-1001843670580,870
2024-12-04 04:00:05+00:00,-1001843670580,869
2024-12-04 03:59:58+00:00,-1001843670580,868
2024-12-04 03:59:53+00:00,-1001843670580,865
2024-12-04 03:59:46+00:00,-1001843670580,860
2024-12-04 03:59:39+00:00,-1001843670580,"Buy banknifty 52800;call
@857
SL
TGT.870.880.890++++"
2024-12-04 03:55:29+00:00,-1001843670580,30 point achieve by put
2024-12-04 03:51:09+00:00,-1001843670580,775
2024-12-04 03:50:59+00:00,-1001843670580,770
2024-12-04 03:50:52+00:00,-1001843670580,765
2024-12-04 03:50:46+00:00,-1001843670580,76
2024-12-04 03:50:42+00:00,-1001843670580,760
2024-12-04 03:50:14+00:00,-1001843670580,755
2024-12-04 03:49:19+00:00,-1001843670580,"Buy banknifty 52800 pe
@742
SL
TGt .760.790.800.860"
2024-12-04 03:35:10+00:00,-1001843670580,banknifty important levelâ¤ï¸ğŸ‘ğŸ‘â¤ï¸â¤ï¸â¤ï¸
2024-12-04 03:34:45+00:00,-1001843670580,finnifty important levelâ¤ï¸ğŸ‘ğŸ‘â¤ï¸â¤ï¸â¤ï¸
2024-12-04 03:34:29+00:00,-1001843670580,nifty important levelâ¤ï¸ğŸ‘ğŸ‘â¤ï¸ğŸ‘ğŸ‘
2024-12-04 02:26:56+00:00,-1001843670580,Long short ratio of fii dii data â¤ï¸ğŸ‘ğŸ‘ğŸ‘ğŸ‘ğŸ‘â¤ï¸â¤ï¸ğŸ‘
2024-12-04 02:21:28+00:00,-1001843670580,"Fii continue buying 
Dii continue selling â¤ï¸â¤ï¸ğŸ‘ğŸ‘â¤ï¸â¤ï¸ğŸ‘ğŸ‘â¤ï¸â¤ï¸"
2024-12-04 02:16:47+00:00,-1001843670580,"Global market view 
Gifnifty showing flat opening â¤ï¸â¤ï¸â¤ï¸â¤ï¸â¤ï¸â¤ï¸â¤ï¸â¤ï¸â¤ï¸ğŸ‘ğŸ‘â¤ï¸"
2024-12-04 01:52:06+00:00,-1001843670580,
2024-12-03 09:53:31+00:00,-1001843670580,"Jackpot return today 
Blast jackpot â¤ï¸ğŸ‘ğŸ‘â¤ï¸"
2024-12-03 09:53:31+00:00,-1001843670580,
2024-12-03 09:52:44+00:00,-1001843670580,Jackpot return today
2024-12-03 09:52:23+00:00,-1001843670580,Jackpot return today â¤ï¸ğŸ‘ğŸ‘â¤ï¸â¤ï¸
2024-12-03 09:52:11+00:00,-1001843670580,Jackpot return today â¤ï¸ğŸ‘ğŸ‘â¤ï¸
2024-12-03 09:51:58+00:00,-1001843670580,Jackpot return today â¤ï¸ğŸ‘ğŸ‘ğŸ‘ğŸ‘â¤ï¸â¤ï¸
2024-12-03 09:51:29+00:00,-1001843670580,Jackpot return today â¤ï¸â¤ï¸ğŸ‘ğŸ‘â¤ï¸â¤ï¸ğŸ‘ğŸ‘ğŸ‘
2024-12-03 09:51:11+00:00,-1001843670580,Jackpot return today â¤ï¸ğŸ‘ğŸ‘â¤ï¸â¤ï¸ğŸ‘â¤ï¸
2024-12-03 09:50:58+00:00,-1001843670580,J....
2024-12-03 09:50:27+00:00,-1001843670580,Jackpot return today â¤ï¸ğŸ‘ğŸ‘â¤ï¸ğŸ‘â¤ï¸
2024-12-03 09:50:08+00:00,-1001843670580,Jackpot return today â¤ï¸ğŸ‘ğŸ‘â¤ï¸
2024-12-03 09:49:20+00:00,-1001843670580,
2024-12-03 09:49:20+00:00,-1001843670580,Jackpot return today â¤ï¸ğŸ‘ğŸ‘ğŸ‘â¤ï¸â¤ï¸ğŸ‘â¤ï¸
2024-12-03 09:48:49+00:00,-1001843670580,Jackpot return today
2024-12-03 09:48:49+00:00,-1001843670580,
2024-12-03 09:41:27+00:00,-1001843670580,Jackpot return today â¤ï¸â¤ï¸â¤ï¸â¤ï¸â¤ï¸â¤ï¸â¤ï¸â¤ï¸
2024-12-03 09:40:08+00:00,-1001843670580,"ACMESOLAR 

267 TO 285 ğŸ”¥ğŸ”¥â¤ï¸ğŸ‘ğŸ‘â¤ï¸â¤ï¸ğŸ‘ğŸ‘â¤ï¸â¤ï¸ğŸ‘ğŸ‘"
2024-12-03 09:39:30+00:00,-1001843670580,Jackpot return today â¤ï¸ğŸ‘ğŸ‘â¤ï¸â¤ï¸ğŸ‘ğŸ‘ğŸ‘
2024-12-03 09:37:46+00:00,-1001843670580,100 point done ğŸ‘âœ…âœ…âœ…ğŸ‘ğŸ‘ğŸ‘
2024-12-03 09:36:42+00:00,-1001843670580,J...mm
2024-12-03 09:34:09+00:00,-1001843670580,Sensex in not premium increase
2024-12-03 09:26:17+00:00,-1001843670580,
2024-12-03 09:22:55+00:00,-1001843670580,572
2024-12-03 09:22:48+00:00,-1001843670580,568
2024-12-03 09:22:36+00:00,-1001843670580,566
2024-12-03 09:22:28+00:00,-1001843670580,565
2024-12-03 09:22:15+00:00,-1001843670580,"Buy sensex 80900 call
@559
A
SL

TGT.570.580"
2024-12-03 08:37:47+00:00,-1001843670580,sensex break important resistance zone agar aaj upside candle hold ho gayi then upside move aayega
2024-12-03 08:02:03+00:00,-1001843670580,Hath chalaoâ¤ï¸â¤ï¸ğŸ‘ğŸ‘ğŸ‘â¤ï¸
2024-12-03 08:01:30+00:00,-1001843670580,"See this 

Chota chota karo 

Kab Tak darte rahoge"
2024-12-03 08:00:47+00:00,-1001843670580,
2024-12-03 08:00:40+00:00,-1001843670580,J....
2024-12-03 07:35:45+00:00,-1001843670580,Now brutal part starts if bn fall from here even though retracement is above 0.618%
2024-12-03 07:13:02+00:00,-1001843670580,Market near by v wapâ¤ï¸â¤ï¸ğŸ‘ğŸ‘â¤ï¸â¤ï¸
2024-12-03 07:11:48+00:00,-1001843670580,banknifty 190 points down again resistance level 52750â¤ï¸ğŸ‘ğŸ‘â¤ï¸â¤ï¸â¤ï¸
2024-12-03 07:10:46+00:00,-1001843670580,Jackpot return today â¤ï¸ğŸ‘ğŸ‘â¤ï¸â¤ï¸ğŸ‘ğŸ‘
2024-12-03 07:09:35+00:00,-1001843670580,Jackpot return today â¤ï¸ğŸ‘ğŸ‘ğŸ‘â¤ï¸
2024-12-03 06:41:33+00:00,-1001843670580,Algo singles profit done ğŸ‘âœ…âœ…âœ…âœ…
2024-12-03 06:35:36+00:00,-1001843670580,Cipla cup and handle pattern show
2024-12-03 06:32:33+00:00,-1001843670580,"Daily Chart 
Tolins Tyres 

Resistance 240

Above 240 ğŸ”¥ğŸ”¥â¤ï¸ğŸ‘ğŸ‘â¤ï¸â¤ï¸â¤ï¸â¤ï¸"
2024-12-03 06:25:26+00:00,-1001843670580,J...
2024-12-03 06:25:13+00:00,-1001843670580,J..
2024-12-03 06:25:06+00:00,-1001843670580,J...
2024-12-03 06:24:59+00:00,-1001843670580,J....
2024-12-03 06:15:03+00:00,-1001843670580,Banknifty support 52600â¤ï¸ğŸ‘ğŸ‘ğŸ‘ğŸ‘â¤ï¸
2024-12-03 06:11:04+00:00,-1001843670580,GRANULES 1D TF LOOKING GOOD CMP 601
2024-12-03 06:08:06+00:00,-1001843670580,banknifty ne agar 53750 ka level break kiya then fast move aa sakta hâ¤ï¸â¤ï¸ğŸ‘ğŸ‘â¤ï¸â¤ï¸â¤ï¸â¤ï¸ğŸ‘ğŸ‘
2024-12-03 05:58:05+00:00,-1001843670580,"Equity Pick 

NETWEB TECH 

CMP 2930

Support 2700

Expected 3100-3300+"
2024-12-03 05:43:24+00:00,-1001843670580,Algo profit done ğŸ‘âœ…âœ…âœ…âœ…âœ…âœ…âœ…ğŸ‘ğŸ‘ğŸ‘âœ…
2024-12-03 05:42:42+00:00,-1001843670580,Finnifty trade line follow â¤ï¸ğŸ‘ğŸ‘â¤ï¸â¤ï¸â¤ï¸â¤ï¸
2024-12-03 05:40:26+00:00,-1001843670580,âœ…âœ… possibility of short covering before the RBI policy data positive view positive trade positiveâ¤ï¸â¤ï¸â¤ï¸â¤ï¸â¤ï¸
2024-12-03 05:39:46+00:00,-1001843670580,Investment
2024-12-03 05:39:36+00:00,-1001843670580,
2024-12-03 05:37:11+00:00,-1001843670580,J...
2024-12-03 05:37:04+00:00,-1001843670580,J..
2024-12-03 05:36:55+00:00,-1001843670580,J....
2024-12-03 05:34:53+00:00,-1001843670580,J.....
2024-12-03 05:33:12+00:00,-1001843670580,"Banknifty break out â¤ï¸ğŸ‘ğŸ‘ğŸ‘ğŸ‘â¤ï¸
100 point upper"
2024-12-03 05:28:35+00:00,-1001843670580,Jackpot return today â¤ï¸ğŸ‘ğŸ‘ğŸ‘ğŸ‘â¤ï¸â¤ï¸â¤ï¸ğŸ‘
2024-12-03 05:28:20+00:00,-1001843670580,
2024-12-03 05:27:24+00:00,-1001843670580,Morning jackpot return
2024-12-03 05:26:14+00:00,-1001843670580,Morning jackpot return â¤ï¸â¤ï¸ğŸ‘ğŸ‘â¤ï¸â¤ï¸
2024-12-03 05:23:50+00:00,-1001843670580,
2024-12-03 05:20:58+00:00,-1001843670580,"NIFTY Â  AGAIN SELLING ZONE NEAR


â¤ï¸ğŸ‘ğŸ‘â¤ï¸â¤ï¸ğŸ‘ğŸ‘ğŸ‘"
2024-12-03 05:18:24+00:00,-1001843670580,"EPL LTD

GOOD CHART STRUCTUREâ¤ï¸ğŸ‘ğŸ‘â¤ï¸â¤ï¸â¤ï¸â¤ï¸"
2024-12-03 05:17:17+00:00,-1001843670580,Jackpot return â¤ï¸ğŸ‘ğŸ‘ğŸ‘â¤ï¸â¤ï¸â¤ï¸ğŸ‘ğŸ‘ğŸ‘ğŸ‘
2024-12-03 05:16:45+00:00,-1001843670580,Nifty bullish â¤ï¸ğŸ‘ğŸ‘ğŸ‘ğŸ‘
2024-12-03 05:15:37+00:00,-1001843670580,Banknifty near by resistance â¤ï¸ğŸ‘ğŸ‘â¤ï¸â¤ï¸
2024-12-03 05:13:39+00:00,-1001843670580,Jackpot return today â¤ï¸ğŸ‘ğŸ‘ğŸ‘ğŸ‘â¤ï¸ğŸ‘
2024-12-03 05:13:37+00:00,-1001843670580,Morning jackpot return â¤ï¸ğŸ‘ğŸ‘ğŸ‘ğŸ‘â¤ï¸
2024-12-03 05:13:12+00:00,-1001843670580,Algo singles profit done âœ…âœ…âœ…âœ…âœ…âœ…
2024-12-03 05:11:45+00:00,-1001843670580,sensex 200 points up after break 80500 ist target achievedâ¤ï¸â¤ï¸ğŸ‘ğŸ‘â¤ï¸ğŸ‘
2024-12-03 05:08:57+00:00,-1001843670580,10pointachivedâ¤ï¸ğŸ‘ğŸ‘â¤ï¸â¤ï¸
2024-12-03 04:59:20+00:00,-1001843670580,718
2024-12-03 04:58:01+00:00,-1001843670580,717
2024-12-03 04:57:38+00:00,-1001843670580,715
2024-12-03 04:57:22+00:00,-1001843670580,710
2024-12-03 04:57:16+00:00,-1001843670580,709
2024-12-03 04:57:12+00:00,-1001843670580,708
2024-12-03 04:57:05+00:00,-1001843670580,"Buy banknifty 52600 pe
@707
SL.
TGT.720.730"
2024-12-03 04:48:19+00:00,-1001843670580,Target _1000compleatâ¤ï¸â¤ï¸â¤ï¸ğŸ‘ğŸ‘â¤ï¸
2024-12-03 04:43:04+00:00,-1001843670580,"KPIT TECH 

ğŸ”¥ 

GOOD CHART STRUCTUREâ¤ï¸â¤ï¸â¤ï¸â¤ï¸â¤ï¸"
2024-12-03 04:42:32+00:00,-1001843670580,Sbin topâ¤ï¸â¤ï¸ğŸ‘ğŸ‘â¤ï¸â¤ï¸â¤ï¸â¤ï¸
2024-12-03 04:41:20+00:00,-1001843670580,Banknifty important resistance â¤ï¸ğŸ‘ğŸ‘â¤ï¸â¤ï¸ğŸ‘
2024-12-03 04:39:50+00:00,-1001843670580,Nifty important resistance â¤ï¸ğŸ‘ğŸ‘ğŸ‘â¤ï¸â¤ï¸
2024-12-03 04:38:17+00:00,-1001843670580,sensex important levelâ¤ï¸ğŸ‘ğŸ‘â¤ï¸ğŸ‘ğŸ‘ğŸ‘ğŸ‘
2024-12-03 04:36:44+00:00,-1001843670580,
2024-12-03 04:36:44+00:00,-1001843670580,Morning jackpot return today
2024-12-03 04:36:43+00:00,-1001843670580,
2024-12-03 04:36:43+00:00,-1001843670580,Morning jackpot return today
2024-12-03 04:36:20+00:00,-1001843670580,Algo singles jackpot
2024-12-03 04:35:06+00:00,-1001843670580,nifty ke kiye 24350 important resistance level h iske upside hold hone per upside move aa sakta haiâ¤ï¸ğŸ‘ğŸ‘â¤ï¸â¤ï¸â¤ï¸ğŸ‘ğŸ‘
2024-12-03 04:32:02+00:00,-1001843670580,84 point achieve by call ğŸ‘ğŸ‘ğŸ‘ğŸ‘ğŸ‘ğŸ‘ğŸ‘ğŸ‘ğŸ‘
2024-12-03 04:30:37+00:00,-1001843670580,994
2024-12-03 04:28:36+00:00,-1001843670580,990
2024-12-03 04:27:41+00:00,-1001843670580,Target 1000
2024-12-03 04:24:00+00:00,-1001843670580,
2024-12-03 04:22:46+00:00,-1001843670580,988
2024-12-03 04:22:40+00:00,-1001843670580,985
2024-12-03 04:17:02+00:00,-1001843670580,Target done ğŸ‘âœ…ğŸ‘ğŸ‘ğŸ‘âœ…âœ…ğŸ‘
2024-12-03 04:14:12+00:00,-1001843670580,980
2024-12-03 04:11:35+00:00,-1001843670580,979
2024-12-03 04:10:41+00:00,-1001843670580,976
2024-12-03 04:10:28+00:00,-1001843670580,970
2024-12-03 04:09:47+00:00,-1001843670580,968
2024-12-03 04:07:27+00:00,-1001843670580,962
2024-12-03 04:06:06+00:00,-1001843670580,
2024-12-03 04:05:06+00:00,-1001843670580,959
2024-12-03 04:04:58+00:00,-1001843670580,958
2024-12-03 04:04:52+00:00,-1001843670580,957
2024-12-03 04:01:34+00:00,-1001843670580,
2024-12-03 04:00:58+00:00,-1001843670580,956
2024-12-03 04:00:51+00:00,-1001843670580,950
2024-12-03 04:00:13+00:00,-1001843670580,934
2024-12-03 04:00:07+00:00,-1001843670580,930
2024-12-03 03:57:49+00:00,-1001843670580,
2024-12-03 03:49:37+00:00,-1001843670580,927
2024-12-03 03:48:56+00:00,-1001843670580,925
2024-12-03 03:48:38+00:00,-1001843670580,923
2024-12-03 03:48:33+00:00,-1001843670580,922
2024-12-03 03:48:23+00:00,-1001843670580,920
2024-12-03 03:48:17+00:00,-1001843670580,915
2024-12-03 03:48:09+00:00,-1001843670580,"Buy banknifty 52400 cal
@911
SL
TGT.940.950++++"
2024-12-03 03:43:24+00:00,-1001843670580,"DLF

GOOD MOVE EXPECTED ABOVE 890â¤ï¸ğŸ‘ğŸ‘ğŸ‘ğŸ‘ğŸ‘â¤ï¸â¤ï¸â¤ï¸â¤ï¸ğŸ‘"
2024-12-03 02:18:25+00:00,-1001843670580,"Chiliz weekly chart 
Keep an eye on thisâœŒï¸âœŒï¸âœŒï¸"
2024-12-03 02:17:46+00:00,-1001843670580,Long shot ratio of fii and dii âœŒï¸âœŒï¸
2024-12-03 02:17:01+00:00,-1001843670580,Last working day FII DII DATA âœŒï¸âœŒï¸
2024-12-03 02:15:53+00:00,-1001843670580,Midcpnifty important levels âœŒï¸âœŒï¸
2024-12-03 02:15:28+00:00,-1001843670580,Banknifty important levels âœŒï¸âœŒï¸
2024-12-03 02:14:42+00:00,-1001843670580,Nifty important levels âœŒï¸âœŒï¸
2024-12-03 02:00:46+00:00,-1001843670580,"Global market update 
Gifnifty showing a flat opening âœŒï¸âœŒï¸"
2024-12-03 01:59:00+00:00,-1001843670580,
2024-12-02 09:54:53+00:00,-1001843670580,J....
2024-12-02 09:54:11+00:00,-1001843670580,
2024-12-02 09:54:11+00:00,-1001843670580,J....
2024-12-02 09:53:58+00:00,-1001843670580,J ...
2024-12-02 09:53:48+00:00,-1001843670580,J..
2024-12-02 09:52:35+00:00,-1001843670580,J...
2024-12-02 09:51:56+00:00,-1001843670580,
2024-12-02 09:51:56+00:00,-1001843670580,J....
2024-12-02 09:51:40+00:00,-1001843670580,
2024-12-02 09:51:40+00:00,-1001843670580,
2024-12-02 09:51:40+00:00,-1001843670580,
2024-12-02 09:51:40+00:00,-1001843670580,
2024-12-02 09:50:37+00:00,-1001843670580,
2024-12-02 09:50:37+00:00,-1001843670580,J.....
2024-12-02 09:29:56+00:00,-1001843670580,
2024-12-02 09:28:55+00:00,-1001843670580,J...
2024-12-02 09:28:31+00:00,-1001843670580,J.....
2024-12-02 09:28:04+00:00,-1001843670580,Jackpot blast â¤ï¸â¤ï¸ğŸ‘ğŸ‘â¤ï¸ğŸ‘â¤ï¸â¤ï¸
2024-12-02 09:27:13+00:00,-1001843670580,
2024-12-02 09:27:13+00:00,-1001843670580,Jackpot return today â¤ï¸ğŸ‘ğŸ‘â¤ï¸â¤ï¸ğŸ‘â¤ï¸â¤ï¸ğŸ‘â¤ï¸â¤ï¸
2024-12-02 09:26:31+00:00,-1001843670580,Jackpot return today â¤ï¸â¤ï¸ğŸ‘ğŸ‘â¤ï¸â¤ï¸ğŸ‘ğŸ‘â¤ï¸
2024-12-02 09:26:31+00:00,-1001843670580,
2024-12-02 09:25:04+00:00,-1001843670580,
2024-12-02 09:25:04+00:00,-1001843670580,J.....
2024-12-02 09:24:12+00:00,-1001843670580,J....
2024-12-02 09:20:44+00:00,-1001843670580,J......
2024-12-02 09:19:47+00:00,-1001843670580,After breakout 200 point achieve â¤ï¸ğŸ‘ğŸ‘ğŸ‘ğŸ‘â¤ï¸ğŸ‘ğŸ‘
2024-12-02 09:18:34+00:00,-1001843670580,J......
2024-12-02 09:13:56+00:00,-1001843670580,Banknifty break out â¤ï¸ğŸ‘ğŸ‘ğŸ‘â¤ï¸â¤ï¸ğŸ‘â¤ï¸
2024-12-02 09:13:01+00:00,-1001843670580,Nifty â¤ï¸ğŸ‘ğŸ‘â¤ï¸â¤ï¸ğŸ‘â¤ï¸â¤ï¸
2024-12-02 09:12:37+00:00,-1001843670580,ALGO Indicator à¤•à¥‡ Jackpot Signalsâ¤ï¸ğŸ‘ğŸ‘â¤ï¸ğŸ‘ğŸ‘â¤ï¸
2024-12-02 09:11:25+00:00,-1001843670580,"#Pokarna 604 to 1195 today
Fresh #FlagPattern breakout is visible here.â¤ï¸â¤ï¸ğŸ‘â¤ï¸â¤ï¸â¤ï¸â¤ï¸ğŸ‘ğŸ‘ğŸ‘â¤ï¸"
2024-12-02 08:58:34+00:00,-1001843670580,J....
2024-12-02 08:58:34+00:00,-1001843670580,Jackpot return today â¤ï¸ğŸ‘ğŸ‘â¤ï¸â¤ï¸â¤ï¸
2024-12-02 08:58:34+00:00,-1001843670580,J.....
2024-12-02 08:57:00+00:00,-1001843670580,J...
2024-12-02 08:46:20+00:00,-1001843670580,
2024-12-02 08:45:38+00:00,-1001843670580,J....
2024-12-02 08:45:03+00:00,-1001843670580,J.....
2024-12-02 08:44:27+00:00,-1001843670580,nifty 50 points up after break the 24200 level
2024-12-02 08:43:18+00:00,-1001843670580,Nifty 230 level complete â¤ï¸â¤ï¸ğŸ‘â¤ï¸â¤ï¸â¤ï¸â¤ï¸â¤ï¸
2024-12-02 08:40:59+00:00,-1001843670580,Sensex Target done ğŸ‘ğŸ‘âœ…âœ…âœ…ğŸ‘ğŸ‘
2024-12-02 08:39:36+00:00,-1001843670580,Continue buying â¤ï¸ğŸ‘ğŸ‘ğŸ‘ğŸ‘ğŸ‘
2024-12-02 08:38:48+00:00,-1001843670580,70 point achieve â¤ï¸ğŸ‘ğŸ‘ğŸ‘ğŸ‘â¤ï¸â¤ï¸
2024-12-02 08:36:32+00:00,-1001843670580,770
2024-12-02 08:36:16+00:00,-1001843670580,765
2024-12-02 08:35:50+00:00,-1001843670580,760
2024-12-02 08:35:46+00:00,-1001843670580,750
2024-12-02 08:35:36+00:00,-1001843670580,740
2024-12-02 08:35:18+00:00,-1001843670580,"Buy sensex 80200 cal
@699
SL
.TGT.720.730.740.++++"
2024-12-02 08:33:02+00:00,-1001843670580,J..
2024-12-02 07:52:16+00:00,-1001843670580,"Algo singles 
Profit done ğŸ‘ğŸ‘âœ…âœ…ğŸ‘ğŸ‘ğŸ‘âœ…âœ…âœ…âœ…ğŸ‘ğŸ‘ğŸ‘ğŸ‘"
2024-12-02 07:52:16+00:00,-1001843670580,
2024-12-02 07:51:01+00:00,-1001843670580,Jackpot return â¤ï¸â¤ï¸ğŸ‘ğŸ‘ğŸ‘â¤ï¸â¤ï¸â¤ï¸â¤ï¸â¤ï¸ğŸ‘ğŸ‘ğŸ‘ğŸ‘
2024-12-02 07:03:18+00:00,-1001843670580,Nifty â¤ï¸ğŸ‘ğŸ‘â¤ï¸ğŸ‘ğŸ‘
2024-12-02 06:59:43+00:00,-1001843670580,Nifty showing cup and handle pattern â¤ï¸ğŸ‘ğŸ‘â¤ï¸â¤ï¸â¤ï¸ğŸ‘ğŸ‘ğŸ‘
2024-12-02 06:53:33+00:00,-1001843670580,"Badly missed 

IPO BASE BREAKOUT 

Zinka Logisticsâ¤ï¸â¤ï¸ğŸ‘ğŸ‘ğŸ‘â¤ï¸â¤ï¸â¤ï¸â¤ï¸"
2024-12-02 06:50:29+00:00,-1001843670580,"DANISH POWER LTD

Holding support 850

Expected Decent breakout above 950â¤ï¸ğŸ‘ğŸ‘â¤ï¸â¤ï¸ğŸ‘â¤ï¸ğŸ‘â¤ï¸â¤ï¸ğŸ‘"
2024-12-02 06:48:18+00:00,-1001843670580,J.....
2024-12-02 06:44:44+00:00,-1001843670580,"Target done ğŸ‘âœ…âœ…âœ…ğŸ‘ğŸ‘ğŸ‘ğŸ‘âœ… 
J......."
2024-12-02 06:39:44+00:00,-1001843670580,Bankex support 58900â¤ï¸ğŸ‘ğŸ‘â¤ï¸â¤ï¸ğŸ‘ğŸ‘â¤ï¸â¤ï¸
2024-12-02 06:36:56+00:00,-1001843670580,Jackpot return today â¤ï¸ğŸ‘ğŸ‘â¤ï¸â¤ï¸â¤ï¸â¤ï¸ğŸ‘ğŸ‘
2024-12-02 06:34:58+00:00,-1001843670580,J......
2024-12-02 06:34:51+00:00,-1001843670580,Book â¤ï¸ğŸ‘ğŸ‘â¤ï¸â¤ï¸â¤ï¸ğŸ‘ğŸ‘â¤ï¸â¤ï¸ğŸ‘ğŸ‘â¤ï¸
2024-12-02 06:30:56+00:00,-1001843670580,676
2024-12-02 06:30:47+00:00,-1001843670580,675
2024-12-02 06:30:34+00:00,-1001843670580,672
2024-12-02 06:28:36+00:00,-1001843670580,670
2024-12-02 06:28:22+00:00,-1001843670580,666
2024-12-02 06:28:19+00:00,-1001843670580,665
2024-12-02 06:27:23+00:00,-1001843670580,662
2024-12-02 06:27:17+00:00,-1001843670580,660
2024-12-02 06:27:12+00:00,-1001843670580,657
2024-12-02 06:27:07+00:00,-1001843670580,656
2024-12-02 06:27:00+00:00,-1001843670580,655
2024-12-02 06:26:17+00:00,-1001843670580,"Buy sensex 79800 call
@654
SL.
TGT.664.670.680"
2024-12-02 06:22:24+00:00,-1001843670580,Dixonâ¤ï¸ğŸ‘ğŸ‘ğŸ‘â¤ï¸â¤ï¸
2024-12-02 06:20:36+00:00,-1001843670580,Nifty trade line follow â¤ï¸ğŸ‘ğŸ‘ğŸ‘â¤ï¸â¤ï¸â¤ï¸â¤ï¸
2024-12-02 06:17:04+00:00,-1001843670580,"Thoda support Bn ke taraf se mil jata hai to nifty will perform trending upside moves. 

Bn is struggling near to major support ( 51780 )â¤ï¸â¤ï¸â¤ï¸â¤ï¸ğŸ‘ğŸ‘â¤ï¸â¤ï¸"
2024-12-02 06:14:37+00:00,-1001843670580,Live Signals à¤•à¥‡ Live Profitâ¤ï¸ğŸ‘ğŸ‘ğŸ‘ğŸ‘â¤ï¸â¤ï¸ğŸ‘â¤ï¸â¤ï¸
2024-12-02 06:14:36+00:00,-1001843670580,"PVR INOX 

Clear Ground ğŸ”¥â¤ï¸ğŸ‘ğŸ‘â¤ï¸â¤ï¸â¤ï¸â¤ï¸â¤ï¸â¤ï¸"
2024-12-02 06:06:43+00:00,-1001843670580,
2024-12-02 06:06:43+00:00,-1001843670580,J.....
2024-12-02 06:05:45+00:00,-1001843670580,J....
2024-12-02 06:04:48+00:00,-1001843670580,J...
2024-12-02 06:04:40+00:00,-1001843670580,J ...
2024-12-02 06:04:24+00:00,-1001843670580,J..
2024-12-02 05:53:39+00:00,-1001843670580,Nifty is trading against the current market sentiments ( selling ) but technically wo 0.618% retrace ho kar apna uptrend resume kar raha hai.â¤ï¸ğŸ‘ğŸ‘â¤ï¸â¤ï¸ğŸ‘â¤ï¸â¤ï¸â¤ï¸ğŸ‘ğŸ‘ğŸ‘
2024-12-02 05:51:15+00:00,-1001843670580,Nifty next level 24185_24225
2024-12-02 05:45:55+00:00,-1001843670580,My pleasure â¤ï¸â¤ï¸
2024-12-02 05:45:55+00:00,-1001843670580,
2024-12-02 05:36:28+00:00,-1001843670580,#HIMATSEIDE breakout stock
2024-12-02 05:09:18+00:00,-1001843670580,
2024-12-02 05:07:28+00:00,-1001843670580,600
2024-12-02 05:07:07+00:00,-1001843670580,585
2024-12-02 05:06:37+00:00,-1001843670580,580
2024-12-02 05:06:31+00:00,-1001843670580,570
2024-12-02 05:06:07+00:00,-1001843670580,568
2024-12-02 05:06:03+00:00,-1001843670580,567
2024-12-02 05:05:59+00:00,-1001843670580,566
2024-12-02 05:05:54+00:00,-1001843670580,560
2024-12-02 05:05:38+00:00,-1001843670580,"Buy sensex 79800 pe
@548
SL.
TGT.560.570.580"
2024-12-02 04:58:35+00:00,-1001843670580,J...
2024-12-02 04:58:29+00:00,-1001843670580,J...
2024-12-02 04:56:38+00:00,-1001843670580,"Jm
..."
2024-12-02 04:56:29+00:00,-1001843670580,J...
2024-12-02 04:56:14+00:00,-1001843670580,J...
2024-12-02 04:56:14+00:00,-1001843670580,J...
2024-12-02 04:53:51+00:00,-1001843670580,"ALGO Indicatorâ¤ï¸

Â Â Â Â Â Â Â Â Â Â Â Â Â  NIFTYâ¤ï¸ğŸ‘ğŸ‘â¤ï¸"
2024-12-02 04:52:46+00:00,-1001843670580,nifty 24200. important resistance level h ye break hua then upside move aa sakta haiâ¤ï¸ğŸ‘ğŸ‘ğŸ‘â¤ï¸
2024-12-02 04:51:25+00:00,-1001843670580,Sensex breakout â¤ï¸â¤ï¸ğŸ‘â¤ï¸â¤ï¸
2024-12-02 04:43:20+00:00,-1001843670580,Jackpot return today â¤ï¸ğŸ‘ğŸ‘â¤ï¸â¤ï¸ğŸ‘ğŸ‘â¤ï¸â¤ï¸ğŸ‘
2024-12-02 04:43:09+00:00,-1001843670580,Jackpot return today â¤ï¸ğŸ‘ğŸ‘â¤ï¸â¤ï¸ğŸ‘ğŸ‘â¤ï¸â¤ï¸â¤ï¸
2024-12-02 04:43:07+00:00,-1001843670580,Jackpot return â¤ï¸â¤ï¸ğŸ‘â¤ï¸ğŸ‘ğŸ‘â¤ï¸â¤ï¸
2024-12-02 04:42:49+00:00,-1001843670580,Jackpot return â¤ï¸ğŸ‘ğŸ‘â¤ï¸â¤ï¸ğŸ‘ğŸ‘
2024-12-02 04:41:15+00:00,-1001843670580,ALGO Indicator à¤•à¥‡ Jackpot Signalsâ¤ï¸ğŸ‘ğŸ‘â¤ï¸â¤ï¸ğŸ‘ğŸ‘â¤ï¸â¤ï¸â¤ï¸â¤ï¸ğŸ‘ğŸ‘â¤ï¸
2024-12-02 04:40:05+00:00,-1001843670580,"DIVIS LAB 

NOW

READY FOR BREAKOUTâ¤ï¸â¤ï¸ğŸ‘â¤ï¸â¤ï¸â¤ï¸â¤ï¸â¤ï¸ğŸ‘ğŸ‘ğŸ‘"
2024-12-02 04:39:28+00:00,-1001843670580,Sensex showing pattern â¤ï¸ğŸ‘ğŸ‘â¤ï¸â¤ï¸ğŸ‘ğŸ‘â¤ï¸
2024-12-02 04:39:14+00:00,-1001843670580,#RAMCOSYS breakout stock âœŒï¸âœŒï¸
2024-12-02 04:38:29+00:00,-1001843670580,#PAR  breakout stock
2024-12-02 04:31:53+00:00,-1001843670580,Nifty showing pattern â¤ï¸â¤ï¸ğŸ‘ğŸ‘â¤ï¸â¤ï¸â¤ï¸
2024-12-02 04:29:49+00:00,-1001843670580,Jackpot return today â¤ï¸ğŸ‘â¤ï¸â¤ï¸ğŸ‘ğŸ‘â¤ï¸â¤ï¸ğŸ‘ğŸ‘
2024-12-02 04:29:34+00:00,-1001843670580,Morning breakfast â¤ï¸ğŸ‘ğŸ‘â¤ï¸ğŸ‘ğŸ‘
2024-12-02 04:27:52+00:00,-1001843670580,banknifty important resistance trendlineâ¤ï¸ğŸ‘ğŸ‘ğŸ‘â¤ï¸â¤ï¸â¤ï¸
2024-12-02 04:27:16+00:00,-1001843670580,finnifty 23854 important support h ye break hua then selling aa sakti haiâ¤ï¸â¤ï¸ğŸ‘ğŸ‘â¤ï¸â¤ï¸ğŸ‘ğŸ‘ğŸ‘
2024-12-02 04:22:18+00:00,-1001843670580,Algo â¤ï¸ğŸ‘ğŸ‘â¤ï¸â¤ï¸â¤ï¸â¤ï¸â¤ï¸
2024-12-02 04:21:27+00:00,-1001843670580,Morning jackpot return today â¤ï¸ğŸ‘ğŸ‘ğŸ‘ğŸ‘ğŸ‘ğŸ‘â¤ï¸â¤ï¸â¤ï¸â¤ï¸
2024-12-02 04:20:55+00:00,-1001843670580,Jackpot return today â¤ï¸ğŸ‘ğŸ‘ğŸ‘ğŸ‘â¤ï¸
2024-12-02 04:14:53+00:00,-1001843670580,nifty important support trendlineâ¤ï¸â¤ï¸ğŸ‘â¤ï¸ğŸ‘ğŸ‘ğŸ‘
2024-12-02 04:09:36+00:00,-1001843670580,"Target done ğŸ‘ğŸ‘âœ…âœ… 
75 point achieve by put"
2024-12-02 04:02:38+00:00,-1001843670580,
2024-12-02 03:58:11+00:00,-1001843670580,800
2024-12-02 03:57:00+00:00,-1001843670580,797
2024-12-02 03:56:43+00:00,-1001843670580,793
2024-12-02 03:56:22+00:00,-1001843670580,790
2024-12-02 03:56:16+00:00,-1001843670580,788
2024-12-02 03:56:06+00:00,-1001843670580,787
2024-12-02 03:55:59+00:00,-1001843670580,784
2024-12-02 03:55:49+00:00,-1001843670580,775
2024-12-02 03:55:42+00:00,-1001843670580,765
2024-12-02 03:55:35+00:00,-1001843670580,763
2024-12-02 03:53:00+00:00,-1001843670580,760
2024-12-02 03:51:59+00:00,-1001843670580,757
2024-12-02 03:51:39+00:00,-1001843670580,756
2024-12-02 03:51:28+00:00,-1001843670580,754
2024-12-02 03:51:15+00:00,-1001843670580,752
2024-12-02 03:50:52+00:00,-1001843670580,750
2024-12-02 03:50:40+00:00,-1001843670580,740
2024-12-02 03:50:34+00:00,-1001843670580,735
2024-12-02 03:50:22+00:00,-1001843670580,733
2024-12-02 03:50:16+00:00,-1001843670580,730
2024-12-02 03:50:04+00:00,-1001843670580,"Buy banknifty 51900pe
@ 725
SL
TGT.740.750.760+++++"
2024-12-02 02:20:55+00:00,-1001843670580,Midcpnifty important levels âœŒï¸âœŒï¸
2024-12-02 02:20:26+00:00,-1001843670580,Banknifty important levels âœŒï¸âœŒï¸
2024-12-02 02:19:56+00:00,-1001843670580,Nifty important levels âœŒï¸âœŒï¸
2024-12-02 01:59:44+00:00,-1001843670580,"ğŸ“… Key Events for Indian Stock Market â€“ December 2024 ğŸš€

ğŸ¦ RBI Monetary Policy: Rate decision expected, possible cut to 6.25%.
ğŸ“Š Corporate Earnings: Major companies to announce results.
ğŸ“ˆ Economic Data: GDP, inflation, and industrial production updates.
ğŸŒ Global Trends: U.S. Fed policies and geopolitical events to watch.
ğŸ›¢ï¸ Sector Focus: Oil & Gas Annual Conference (Dec 11-13, New Delhi).

Stay informed to trade smarter! ğŸ“‘"
2024-12-02 01:56:57+00:00,-1001843670580,"Today global market view 
Gifnifty showing a flat opening 
âœŒï¸âœŒï¸âœŒï¸âœŒï¸âœŒï¸âœŒï¸âœŒï¸âœŒï¸âœŒï¸âœŒï¸âœŒï¸âœŒï¸"
2024-12-02 01:52:47+00:00,-1001843670580,
2024-11-29 09:39:51+00:00,-1001843670580,Jackpot return today â¤ï¸ğŸ‘ğŸ‘â¤ï¸â¤ï¸ğŸ‘ğŸ‘
2024-11-29 09:39:24+00:00,-1001843670580,Jackpot return today â¤ï¸ğŸ‘ğŸ‘ğŸ‘â¤ï¸â¤ï¸ğŸ‘ğŸ‘â¤ï¸â¤ï¸â¤ï¸â¤ï¸ğŸ‘ğŸ‘
2024-11-29 09:39:24+00:00,-1001843670580,
2024-11-29 09:33:24+00:00,-1001843670580,Capital 2x â¤ï¸â¤ï¸ğŸ‘ğŸ‘â¤ï¸â¤ï¸â¤ï¸â¤ï¸â¤ï¸ğŸ‘ğŸ‘
2024-11-29 09:30:46+00:00,-1001843670580,34
2024-11-29 09:30:40+00:00,-1001843670580,31
2024-11-29 09:30:32+00:00,-1001843670580,30
2024-11-29 09:30:28+00:00,-1001843670580,25
2024-11-29 09:30:24+00:00,-1001843670580,24
2024-11-29 09:30:20+00:00,-1001843670580,22
2024-11-29 09:30:14+00:00,-1001843670580,"Buy sensex 79800 call
@19
SL.
TGT.40.50.60.70"
2024-11-29 09:26:35+00:00,-1001843670580,"J..,.."
2024-11-29 09:26:25+00:00,-1001843670580,J...
2024-11-29 09:26:18+00:00,-1001843670580,J....
2024-11-29 09:26:11+00:00,-1001843670580,J...
2024-11-29 09:15:51+00:00,-1001843670580,"Jackpot return callâ¤ï¸ğŸ‘ğŸ‘â¤ï¸â¤ï¸â¤ï¸â¤ï¸
31 point achieve by call"
2024-11-29 09:15:45+00:00,-1001843670580,
2024-11-29 09:14:25+00:00,-1001843670580,75
2024-11-29 09:14:19+00:00,-1001843670580,70
2024-11-29 09:14:14+00:00,-1001843670580,65
2024-11-29 09:14:00+00:00,-1001843670580,63
2024-11-29 09:13:48+00:00,-1001843670580,We 60
2024-11-29 08:38:19+00:00,-1001843670580,
2024-11-29 08:33:42+00:00,-1001843670580,
2024-11-29 08:14:33+00:00,-1001843670580,
2024-11-29 08:06:14+00:00,-1001843670580,50
2024-11-29 08:05:49+00:00,-1001843670580,49
2024-11-29 08:05:43+00:00,-1001843670580,48
2024-11-29 08:05:33+00:00,-1001843670580,47
2024-11-29 08:05:29+00:00,-1001843670580,46
2024-11-29 08:05:25+00:00,-1001843670580,45
2024-11-29 08:05:20+00:00,-1001843670580,"Buy sensex 79900 call
@ 44
SL
TGT.60.70.80"
2024-11-29 08:02:08+00:00,-1001843670580,
2024-11-29 08:02:07+00:00,-1001843670580,Jackpot return today
2024-11-29 08:01:22+00:00,-1001843670580,"Strong Reversal Candidate!
LANCER
CMP-32/33

1- Price Hovering to Key Levels 
2- Price Hovering to Demand Zone 
3- Multi Year Demand zone
4- Good Volume Buildup Seenâ¤ï¸ğŸ‘ğŸ‘â¤ï¸â¤ï¸ğŸ‘ğŸ‘â¤ï¸â¤ï¸

Keep on Radar.
Good looking Candidate!"
2024-11-29 07:15:00+00:00,-1001843670580,"Breakout Soon Candidate!
SYNGENE

1- Hovering below Resistance 
2- Volum Buildup Seen 
3-Â  Mini Basing Pattern 

Keep on Radar.
Potential Upside Stock! â¤ï¸ğŸ‘ğŸ‘â¤ï¸â¤ï¸â¤ï¸â¤ï¸â¤ï¸â¤ï¸â¤ï¸"
2024-11-29 06:45:01+00:00,-1001843670580,Jackpot return today
2024-11-29 06:44:49+00:00,-1001843670580,Jackpot return today
2024-11-29 06:44:42+00:00,-1001843670580,Jackpot return today
2024-11-29 06:44:28+00:00,-1001843670580,Jackpot return today â¤ï¸ğŸ‘ğŸ‘â¤ï¸â¤ï¸ğŸ‘
2024-11-29 06:22:35+00:00,-1001843670580,"Bankex gap fill 
Strong support 59000
173 point down â¤ï¸ğŸ‘ğŸ‘ğŸ‘â¤ï¸ğŸ‘â¤ï¸â¤ï¸â¤ï¸"
2024-11-29 06:17:08+00:00,-1001843670580,Jackpot return today
2024-11-29 06:16:55+00:00,-1001843670580,Jackpot return today
2024-11-29 06:16:43+00:00,-1001843670580,Jackpot return today â¤ï¸ğŸ‘ğŸ‘â¤ï¸ğŸ‘â¤ï¸â¤ï¸
2024-11-29 06:15:57+00:00,-1001843670580,Bankex 124 point down â¤ï¸â¤ï¸ğŸ‘ğŸ‘â¤ï¸â¤ï¸ğŸ‘â¤ï¸â¤ï¸ğŸ‘
2024-11-29 06:11:42+00:00,-1001843670580,Bankex â¤ï¸ğŸ‘ğŸ‘â¤ï¸â¤ï¸â¤ï¸â¤ï¸
2024-11-29 06:07:32+00:00,-1001843670580,Bankex gap fill area â¤ï¸ğŸ‘â¤ï¸â¤ï¸ğŸ‘ğŸ‘ğŸ‘ğŸ‘ğŸ‘
2024-11-29 05:43:03+00:00,-1001843670580,Bankex 5 mint chart frame â¤ï¸ğŸ‘ğŸ‘â¤ï¸â¤ï¸ğŸ‘â¤ï¸â¤ï¸ğŸ‘ğŸ‘ğŸ‘ğŸ‘
2024-11-29 05:40:45+00:00,-1001843670580,Sensex 5 mint time frame chart â¤ï¸ğŸ‘ğŸ‘â¤ï¸â¤ï¸ğŸ‘
2024-11-29 05:34:37+00:00,-1001843670580,"Strong Breakout Candidate
CDSL

1- Rectangle Channel Pattern Breakout 
2- Uptrend is still intact
3- Volume Buildup

Keep on Radar.
Good Looking Stock!"
2024-11-29 05:33:14+00:00,-1001843670580,"Reversal Soon Candidate! 
#ADANIPOWER 

1- Took support at 50% zone 
2- Hammer candlestick patter 
3- Wave 5 might unfold 

Keep on Radar.
Potential Upside Stocks!!"
2024-11-29 05:28:25+00:00,-1001843670580,Nifty â¤ï¸ğŸ‘ğŸ‘â¤ï¸â¤ï¸â¤ï¸
2024-11-29 05:27:47+00:00,-1001843670580,NIFTYâ¤ï¸ğŸ‘ğŸ‘ğŸ‘â¤ï¸â¤ï¸â¤ï¸â¤ï¸
2024-11-29 05:26:58+00:00,-1001843670580,Morning blast jackpot return â¤ï¸ğŸ‘ğŸ‘â¤ï¸â¤ï¸
2024-11-29 05:25:44+00:00,-1001843670580,Jackpot return today â¤ï¸ğŸ‘ğŸ‘ğŸ‘â¤ï¸â¤ï¸
2024-11-29 05:25:32+00:00,-1001843670580,Jackpot return today â¤ï¸ğŸ‘ğŸ‘â¤ï¸â¤ï¸â¤ï¸
2024-11-29 05:25:21+00:00,-1001843670580,Jackpot return today â¤ï¸ğŸ‘ğŸ‘â¤ï¸â¤ï¸â¤ï¸â¤ï¸
2024-11-29 05:23:48+00:00,-1001843670580,
2024-11-29 05:23:48+00:00,-1001843670580,Jackpot return today
2024-11-29 05:23:37+00:00,-1001843670580,
2024-11-29 05:23:36+00:00,-1001843670580,Jackpot return today â¤ï¸ğŸ‘ğŸ‘â¤ï¸â¤ï¸â¤ï¸â¤ï¸ğŸ‘â¤ï¸
2024-11-29 05:23:21+00:00,-1001843670580,
2024-11-29 05:23:21+00:00,-1001843670580,Jackpot return today â¤ï¸ğŸ‘ğŸ‘ğŸ‘ğŸ‘ğŸ‘
2024-11-29 05:19:56+00:00,-1001843670580,SENSEX EXPIRY CHANGED TO TUESDAY FROM FRIDAYâœ…ğŸ‘ğŸ‘ğŸ‘ğŸ‘ğŸ‘
2024-11-29 05:19:01+00:00,-1001843670580,Nifty index â¤ï¸ğŸ‘ğŸ‘â¤ï¸â¤ï¸â¤ï¸â¤ï¸
2024-11-29 05:16:58+00:00,-1001843670580,
2024-11-29 05:16:58+00:00,-1001843670580,Morning jackpot return â¤ï¸â¤ï¸ğŸ‘â¤ï¸â¤ï¸â¤ï¸ğŸ‘â¤ï¸â¤ï¸
2024-11-29 05:16:48+00:00,-1001843670580,
2024-11-29 05:16:48+00:00,-1001843670580,Morning jackpot return â¤ï¸ğŸ‘â¤ï¸â¤ï¸â¤ï¸ğŸ‘â¤ï¸â¤ï¸â¤ï¸â¤ï¸
2024-11-29 05:15:57+00:00,-1001843670580,"ALGO Indicator à¤•à¥‡ Jackpot SignalsğŸ‘ğŸ‘ğŸ‘ğŸ‘ğŸ‘ğŸ‘ğŸ‘Â Â Â Â Â Â Â Â  
Â Â Â Â Â Â Â Â Â  
Again After Buy Signals NIFTY And BANKNIFTY (1 Min Time Frame Chart"
2024-11-29 05:14:51+00:00,-1001843670580,Morning jackpot return today â¤ï¸ğŸ‘â¤ï¸â¤ï¸ğŸ‘ğŸ‘â¤ï¸
2024-11-29 05:14:19+00:00,-1001843670580,Jackpot return today â¤ï¸ğŸ‘ğŸ‘â¤ï¸ğŸ‘â¤ï¸â¤ï¸ğŸ‘ğŸ‘
2024-11-29 05:13:46+00:00,-1001843670580,Morning jackpot return today â¤ï¸â¤ï¸â¤ï¸ğŸ‘ğŸ‘â¤ï¸â¤ï¸
2024-11-29 05:13:30+00:00,-1001843670580,Jackpot return today â¤ï¸ğŸ‘ğŸ‘â¤ï¸â¤ï¸ğŸ‘ğŸ‘
2024-11-29 05:12:42+00:00,-1001843670580,"ALGO Indicatorâ¤ï¸

Â Â Â Â Â Â Â Â Â Â Â Â Â Â  BANKNIFTY

Every Signals Given Good Profitâ¤ï¸ğŸ‘ğŸ‘ğŸ‘ğŸ‘â¤ï¸ğŸ‘ğŸ‘â¤ï¸â¤ï¸â¤ï¸"
2024-11-29 05:11:29+00:00,-1001843670580,"Upar ke levels par buyers ko trap kar dia and currently bouncing from support zone. Sellers ab neche trapped hai, selling risky lag raha hai current levels se.â¤ï¸ğŸ‘ğŸ‘â¤ï¸â¤ï¸ğŸ‘ğŸ‘â¤ï¸â¤ï¸â¤ï¸"
2024-11-29 05:04:15+00:00,-1001843670580,Jackpot return today â¤ï¸ğŸ‘ğŸ‘â¤ï¸ğŸ‘ğŸ‘ğŸ‘â¤ï¸
2024-11-29 05:04:03+00:00,-1001843670580,Morning jackpot return â¤ï¸ğŸ‘ğŸ‘â¤ï¸ğŸ‘ğŸ‘ğŸ‘
2024-11-29 05:03:01+00:00,-1001843670580,Jackpot return today â¤ï¸ğŸ‘ğŸ‘â¤ï¸â¤ï¸â¤ï¸ğŸ‘
2024-11-29 05:02:49+00:00,-1001843670580,Jackpot return today is
2024-11-29 05:02:38+00:00,-1001843670580,J....
2024-11-29 05:02:24+00:00,-1001843670580,J.....
2024-11-29 05:02:14+00:00,-1001843670580,Morning jackpot return â¤ï¸ğŸ‘ğŸ‘â¤ï¸â¤ï¸â¤ï¸
2024-11-29 05:02:04+00:00,-1001843670580,J......
2024-11-29 04:53:46+00:00,-1001843670580,Jackpot .....
2024-11-29 04:52:57+00:00,-1001843670580,J......
2024-11-29 04:51:09+00:00,-1001843670580,"J..,...."
2024-11-29 04:50:56+00:00,-1001843670580,Jackpot return today â¤ï¸â¤ï¸ğŸ‘ğŸ‘â¤ï¸â¤ï¸ğŸ‘ğŸ‘ğŸ‘
2024-11-29 04:50:53+00:00,-1001843670580,Jackpot return today â¤ï¸â¤ï¸ğŸ‘ğŸ‘â¤ï¸â¤ï¸
2024-11-29 04:50:46+00:00,-1001843670580,Jackpot return today â¤ï¸â¤ï¸ğŸ‘ğŸ‘â¤ï¸â¤ï¸â¤ï¸
2024-11-29 04:17:19+00:00,-1001843670580,
2024-11-29 04:09:02+00:00,-1001843670580,nifty important resistance trendlineâ¤ï¸ğŸ‘ğŸ‘â¤ï¸â¤ï¸ğŸ‘ğŸ‘â¤ï¸â¤ï¸â¤ï¸
2024-11-29 04:08:41+00:00,-1001843670580,finnifty 24000 important resistance h iske upside hold hona jaruri haiâ¤ï¸ğŸ‘ğŸ‘ğŸ‘â¤ï¸â¤ï¸ğŸ‘ğŸ‘â¤ï¸
2024-11-29 04:07:30+00:00,-1001843670580,220 point achieve by call sensex â¤ï¸â¤ï¸ğŸ‘ğŸ‘ğŸ‘â¤ï¸â¤ï¸â¤ï¸â¤ï¸ğŸ‘â¤ï¸
2024-11-29 04:05:05+00:00,-1001843670580,481
2024-11-29 04:04:56+00:00,-1001843670580,480
2024-11-29 04:04:41+00:00,-1001843670580,478
2024-11-29 04:00:43+00:00,-1001843670580,450
2024-11-29 03:59:58+00:00,-1001843670580,449
2024-11-29 03:59:35+00:00,-1001843670580,409
2024-11-29 03:58:46+00:00,-1001843670580,405
2024-11-29 03:58:26+00:00,-1001843670580,404
2024-11-29 03:57:46+00:00,-1001843670580,400
2024-11-29 03:57:40+00:00,-1001843670580,378
2024-11-29 03:57:34+00:00,-1001843670580,370
2024-11-29 03:57:14+00:00,-1001843670580,340
2024-11-29 03:56:59+00:00,-1001843670580,330
2024-11-29 03:56:53+00:00,-1001843670580,321
2024-11-29 03:54:13+00:00,-1001843670580,309
2024-11-29 03:53:58+00:00,-1001843670580,308
2024-11-29 03:50:58+00:00,-1001843670580,306
2024-11-29 03:50:50+00:00,-1001843670580,300
2024-11-29 03:50:45+00:00,-1001843670580,297
2024-11-29 03:50:40+00:00,-1001843670580,290
2024-11-29 03:50:34+00:00,-1001843670580,288
2024-11-29 03:50:28+00:00,-1001843670580,280
2024-11-29 03:50:22+00:00,-1001843670580,275
2024-11-29 03:50:10+00:00,-1001843670580,274
2024-11-29 03:49:03+00:00,-1001843670580,273
2024-11-29 03:48:57+00:00,-1001843670580,271
2024-11-29 03:48:53+00:00,-1001843670580,270
2024-11-29 03:48:42+00:00,-1001843670580,268
2024-11-29 03:48:34+00:00,-1001843670580,"Buy sensex 79300 call
@265
SL.
TGT.300.340.++++"
2024-11-29 03:12:22+00:00,-1001843670580,Nifty important levelsâ¤ï¸ğŸ‘ğŸ‘ğŸ‘â¤ï¸â¤ï¸ğŸ‘ğŸ‘â¤ï¸â¤ï¸
2024-11-29 03:11:51+00:00,-1001843670580,Banknifty important levelsâ¤ï¸ğŸ‘ğŸ‘ğŸ‘â¤ï¸â¤ï¸â¤ï¸ğŸ‘ğŸ‘â¤ï¸â¤ï¸â¤ï¸
2024-11-29 03:11:29+00:00,-1001843670580,Finnifty important levelsâ¤ï¸ğŸ‘ğŸ‘ğŸ‘â¤ï¸â¤ï¸ğŸ‘ğŸ‘ğŸ‘ğŸ‘ğŸ‘â¤ï¸
2024-11-29 02:37:32+00:00,-1001843670580,Long shot ratio of fii and dii âœŒï¸âœŒï¸âœŒï¸
2024-11-29 02:34:22+00:00,-1001843670580,"Again move Fll on selling 
DII continue on buying 
âœŒï¸âœŒï¸âœŒï¸âœŒï¸âœŒï¸âœŒï¸âœŒï¸âœŒï¸âœŒï¸"
2024-11-29 02:00:23+00:00,-1001843670580,"Global market view 
Gifnifty showing flat opening â¤ï¸ğŸ‘ğŸ‘â¤ï¸â¤ï¸â¤ï¸â¤ï¸â¤ï¸â¤ï¸ğŸ˜"
2024-11-29 01:58:24+00:00,-1001843670580,
2024-11-28 10:02:29+00:00,-1001843670580,
2024-11-28 10:02:29+00:00,-1001843670580,"Jackpot return today 
Capital 2X _ 3x profit âœŒï¸âœŒï¸"
2024-11-28 09:59:43+00:00,-1001843670580,#EDELWEISS breakout stock
2024-11-28 08:37:23+00:00,-1001843670580,"MIDCPNIFTY
IV | Call: 75.00, Put: 90.00, Diff: 15.00
30-Dec-2024 | PCR: 0.83 | I-PCR: 1.13 
27-Jan-2025 | PCR: 0.04 | I-PCR: 0.04 


#MIDCPNIFTY #OIData"
2024-11-28 08:36:15+00:00,-1001843670580,
2024-11-28 08:35:47+00:00,-1001843670580,finnifty after break the trendline 100 points downâ¤ï¸ğŸ‘ğŸ‘â¤ï¸ğŸ‘ğŸ‘â¤ï¸
2024-11-28 07:36:27+00:00,-1001843670580,J.....
2024-11-28 07:36:20+00:00,-1001843670580,J....
2024-11-28 06:16:42+00:00,-1001843670580,Jackpot return today
2024-11-28 06:12:06+00:00,-1001843670580,Jackpot return today â¤ï¸â¤ï¸ğŸ‘â¤ï¸ğŸ‘ğŸ‘â¤ï¸â¤ï¸
2024-11-28 06:11:26+00:00,-1001843670580,Jackpot return today â¤ï¸â¤ï¸ğŸ‘â¤ï¸â¤ï¸â¤ï¸ğŸ‘ğŸ‘
2024-11-28 06:09:33+00:00,-1001843670580,Jackpot return today
2024-11-28 06:09:09+00:00,-1001843670580,"HDFC bank monthly timeframe important chart 
Looking bullish 
Keep an eye on thisâ¤ï¸ğŸ‘ğŸ‘â¤ï¸â¤ï¸â¤ï¸ğŸ‘"
2024-11-28 05:31:19+00:00,-1001843670580,J.....
2024-11-28 05:30:50+00:00,-1001843670580,J......
2024-11-28 05:30:32+00:00,-1001843670580,Jackpot return today
2024-11-28 05:30:21+00:00,-1001843670580,Jackpot return today
2024-11-28 05:29:37+00:00,-1001843670580,finnifty support trendline and gap areaâ¤ï¸ğŸ‘ğŸ‘â¤ï¸â¤ï¸ğŸ‘ğŸ‘
2024-11-28 05:20:54+00:00,-1001843670580,Morning jackpot return today
2024-11-28 05:20:05+00:00,-1001843670580,Jackpot return today â¤ï¸ğŸ‘ğŸ‘â¤ï¸â¤ï¸
2024-11-28 05:19:51+00:00,-1001843670580,Jackpot return today â¤ï¸â¤ï¸ğŸ‘ğŸ‘â¤ï¸
2024-11-28 05:18:16+00:00,-1001843670580,"11 lacks profit done ğŸ‘âœ…âœ…âœ… 
Morning jackpot return â¤ï¸ğŸ‘â¤ï¸ğŸ‘ğŸ‘â¤ï¸ğŸ‘â¤ï¸â¤ï¸"
2024-11-28 05:16:00+00:00,-1001843670580,
2024-11-28 05:16:00+00:00,-1001843670580,Jackpot return today
2024-11-28 05:15:51+00:00,-1001843670580,
2024-11-28 05:15:51+00:00,-1001843670580,Jackpot return today â¤ï¸ğŸ‘ğŸ‘â¤ï¸â¤ï¸ğŸ‘
2024-11-28 05:14:46+00:00,-1001843670580,Nifty 15 mint chart â¤ï¸ğŸ‘ğŸ‘ğŸ‘
2024-11-28 05:14:06+00:00,-1001843670580,banknifty gap areasâ¤ï¸ğŸ‘ğŸ‘â¤ï¸ğŸ‘ğŸ‘â¤ï¸â¤ï¸ğŸ‘ğŸ‘â¤ï¸â¤ï¸ğŸ‘ğŸ‘
2024-11-28 05:11:12+00:00,-1001843670580,nifty again230 points down from the resistance aapko kal video main bataya thaâ¤ï¸â¤ï¸ğŸ‘ğŸ‘â¤ï¸â¤ï¸ğŸ‘
2024-11-28 05:10:41+00:00,-1001843670580,Jackpot return today â¤ï¸â¤ï¸ğŸ‘â¤ï¸ğŸ‘ğŸ‘ğŸ‘ğŸ‘
2024-11-28 05:10:10+00:00,-1001843670580,"Vodafone idea monthly timeframe important chart 
Pattern formation ho rahi h support trendline per 
Keep an eye on thisâ¤ï¸â¤ï¸ğŸ‘ğŸ‘â¤ï¸â¤ï¸â¤ï¸â¤ï¸ğŸ‘â¤ï¸â¤ï¸ğŸ‘ğŸ‘ğŸ‘ğŸ‘"
2024-11-28 05:05:24+00:00,-1001843670580,Jackpot return today â¤ï¸ğŸ‘ğŸ‘â¤ï¸ğŸ‘ğŸ‘
2024-11-28 05:05:05+00:00,-1001843670580,
2024-11-28 05:05:05+00:00,-1001843670580,Jackpot return â¤ï¸ğŸ‘ğŸ‘â¤ï¸â¤ï¸
2024-11-28 05:04:54+00:00,-1001843670580,
2024-11-28 05:04:54+00:00,-1001843670580,Jackpot return today is
2024-11-28 05:00:25+00:00,-1001843670580,Jackpot return today
2024-11-28 05:00:04+00:00,-1001843670580,Jackpot return today
2024-11-28 04:59:56+00:00,-1001843670580,Jackpot return today
2024-11-28 04:58:23+00:00,-1001843670580,Jackpot return today â¤ï¸â¤ï¸ğŸ‘â¤ï¸â¤ï¸â¤ï¸
2024-11-28 04:57:39+00:00,-1001843670580,"Finnifty monthly timeframe important chart 
Kal bhi btaya tha 23600 ke above hold hone per down trend break ho jaayegaâ¤ï¸ğŸ‘â¤ï¸â¤ï¸ğŸ‘â¤ï¸â¤ï¸ğŸ‘ğŸ‘"
2024-11-28 04:57:16+00:00,-1001843670580,Jackpot return today
2024-11-28 04:56:56+00:00,-1001843670580,Jackpot return today
2024-11-28 04:56:05+00:00,-1001843670580,"Strong Reversal Candidate!
INOXWIND

1- Reversal Trend seen 
2- Bouncing back from support 
3- Tight Range Breakout 

Keep on Radar.
Potential Upside Stock"
2024-11-28 04:54:31+00:00,-1001843670580,Ireda daily timeframe trendline breakoutâ¤ï¸ğŸ‘ğŸ‘â¤ï¸â¤ï¸â¤ï¸ğŸ‘ğŸ‘
2024-11-28 04:53:40+00:00,-1001843670580,Jackpot return today â¤ï¸ğŸ‘ğŸ‘ğŸ‘â¤ï¸â¤ï¸â¤ï¸â¤ï¸
2024-11-28 04:53:23+00:00,-1001843670580,Jackpot return today â¤ï¸ğŸ‘ğŸ‘â¤ï¸ğŸ‘ğŸ‘â¤ï¸â¤ï¸
2024-11-28 04:52:56+00:00,-1001843670580,
2024-11-28 04:52:55+00:00,-1001843670580,Jackpot return today â¤ï¸ğŸ‘ğŸ‘â¤ï¸â¤ï¸ğŸ‘â¤ï¸â¤ï¸
2024-11-28 04:52:41+00:00,-1001843670580,Exide battery 30 point up after break morning Star highâ¤ï¸â¤ï¸ğŸ‘ğŸ‘â¤ï¸â¤ï¸â¤ï¸â¤ï¸â¤ï¸â¤ï¸
2024-11-28 04:48:09+00:00,-1001843670580,Jackpot return today â¤ï¸â¤ï¸â¤ï¸ğŸ‘â¤ï¸â¤ï¸ğŸ‘â¤ï¸â¤ï¸
2024-11-28 04:45:54+00:00,-1001843670580,Jackpot return today
2024-11-28 04:45:46+00:00,-1001843670580,Jackpot return today
2024-11-28 04:44:39+00:00,-1001843670580,Jackpot return today â¤ï¸ğŸ‘ğŸ‘
2024-11-28 04:41:05+00:00,-1001843670580,Jackpot return today â¤ï¸ğŸ‘ğŸ‘ğŸ‘â¤ï¸â¤ï¸ğŸ‘ğŸ‘â¤ï¸â¤ï¸ğŸ‘
2024-11-28 04:40:42+00:00,-1001843670580,Jackpot return today â¤ï¸ğŸ‘ğŸ‘â¤ï¸â¤ï¸â¤ï¸ğŸ‘ğŸ‘
2024-11-28 04:37:37+00:00,-1001843670580,Jackpot return today â¤ï¸ğŸ‘ğŸ‘â¤ï¸â¤ï¸â¤ï¸
2024-11-28 04:37:10+00:00,-1001843670580,Jackpot return today â¤ï¸â¤ï¸ğŸ‘â¤ï¸â¤ï¸â¤ï¸
2024-11-28 04:36:37+00:00,-1001843670580,finnifty almost near important supply zoneâ¤ï¸ğŸ‘ğŸ‘â¤ï¸â¤ï¸â¤ï¸
2024-11-28 04:36:07+00:00,-1001843670580,banknifty break important supply zoneâ¤ï¸ğŸ‘â¤ï¸â¤ï¸â¤ï¸â¤ï¸â¤ï¸
2024-11-28 04:26:55+00:00,-1001843670580,banknifty 130 points up after break 52555 tâ¤ï¸ğŸ‘â¤ï¸â¤ï¸â¤ï¸â¤ï¸â¤ï¸
2024-11-28 04:23:07+00:00,-1001843670580,
2024-11-28 04:13:03+00:00,-1001843670580,finnifty 24350 ce important resistance hâ¤ï¸ğŸ‘ğŸ‘â¤ï¸â¤ï¸ğŸ‘â¤ï¸ğŸ‘ğŸ‘
2024-11-28 04:11:34+00:00,-1001843670580,banknifty 52555 important resistance h ye break hua fast move upside aayegaâ¤ï¸ğŸ‘ğŸ‘ğŸ‘â¤ï¸â¤ï¸â¤ï¸
2024-11-28 03:53:06+00:00,-1001843670580,Jackpot return call
2024-11-28 03:50:52+00:00,-1001843670580,980 Target done âœ…âœ…ğŸ‘ğŸ‘âœ…âœ…
2024-11-28 03:50:42+00:00,-1001843670580,972
2024-11-28 03:50:36+00:00,-1001843670580,967
2024-11-28 03:50:30+00:00,-1001843670580,950
2024-11-28 03:50:05+00:00,-1001843670580,942
2024-11-28 03:49:59+00:00,-1001843670580,940
2024-11-28 03:49:34+00:00,-1001843670580,939
2024-11-28 03:49:25+00:00,-1001843670580,938
2024-11-28 03:49:19+00:00,-1001843670580,936
2024-11-28 03:49:03+00:00,-1001843670580,930
2024-11-28 03:48:54+00:00,-1001843670580,930
2024-11-28 03:48:48+00:00,-1001843670580,919
2024-11-28 03:48:35+00:00,-1001843670580,912
2024-11-28 03:48:25+00:00,-1001843670580,"Banknifty buy52500 call 912
SL.
TGT.930.940.950"
2024-11-28 03:26:56+00:00,-1001843670580,nifty important levelâ¤ï¸ğŸ‘ğŸ‘â¤ï¸â¤ï¸â¤ï¸â¤ï¸â¤ï¸
2024-11-28 03:26:33+00:00,-1001843670580,midcap important levelâ¤ï¸ğŸ‘ğŸ‘â¤ï¸â¤ï¸â¤ï¸ğŸ‘ğŸ‘â¤ï¸â¤ï¸
2024-11-28 03:26:08+00:00,-1001843670580,banknifty important levelâ¤ï¸ğŸ‘ğŸ‘ğŸ‘â¤ï¸â¤ï¸â¤ï¸â¤ï¸â¤ï¸
2024-11-28 03:25:45+00:00,-1001843670580,finnifty important levelâ¤ï¸ğŸ‘ğŸ‘â¤ï¸â¤ï¸â¤ï¸â¤ï¸â¤ï¸
2024-11-28 01:59:12+00:00,-1001843670580,Long short ratio of fii dii data â¤ï¸ğŸ‘ğŸ‘ğŸ‘â¤ï¸â¤ï¸â¤ï¸ğŸ‘ğŸ‘â¤ï¸â¤ï¸
2024-11-28 01:57:33+00:00,-1001843670580,"Last working fii dii data 
Fii continue buying 
Dii continue buying â¤ï¸â¤ï¸ğŸ‘ğŸ‘ğŸ‘ğŸ‘ğŸ‘â¤ï¸â¤ï¸â¤ï¸â¤ï¸â¤ï¸ğŸ‘â¤ï¸â¤ï¸â¤ï¸â¤ï¸"
2024-11-28 01:52:50+00:00,-1001843670580,"Global market view 
Gifnifty showing flat opening â¤ï¸â¤ï¸â¤ï¸ğŸ‘ğŸ‘ğŸ‘â¤ï¸â¤ï¸â¤ï¸ğŸ‘ğŸ‘"
2024-11-28 01:49:58+00:00,-1001843670580,
2024-11-27 09:07:53+00:00,-1001843670580,Jackpot return today â¤ï¸ğŸ‘ğŸ‘â¤ï¸â¤ï¸â¤ï¸ğŸ‘â¤ï¸â¤ï¸â¤ï¸
2024-11-27 09:07:43+00:00,-1001843670580,#HBLPOWER breakout stocks
2024-11-27 09:05:05+00:00,-1001843670580,Jackpot return â¤ï¸ğŸ‘ğŸ‘â¤ï¸â¤ï¸â¤ï¸â¤ï¸â¤ï¸
2024-11-27 09:04:57+00:00,-1001843670580,Jackpot return today â¤ï¸â¤ï¸ğŸ‘â¤ï¸â¤ï¸â¤ï¸
2024-11-27 09:03:48+00:00,-1001843670580,Jackpot return today â¤ï¸ğŸ‘ğŸ‘â¤ï¸â¤ï¸ğŸ‘ğŸ‘ğŸ‘
2024-11-27 09:00:58+00:00,-1001843670580,
2024-11-27 09:00:58+00:00,-1001843670580,Jackpot return today â¤ï¸ğŸ‘ğŸ‘â¤ï¸â¤ï¸â¤ï¸
2024-11-27 09:00:58+00:00,-1001843670580,
2024-11-27 09:00:58+00:00,-1001843670580,Jackpot return today â¤ï¸ğŸ‘ğŸ‘â¤ï¸â¤ï¸â¤ï¸
2024-11-27 08:57:32+00:00,-1001843670580,
2024-11-27 08:57:31+00:00,-1001843670580,Jackpot return today â¤ï¸ğŸ‘ğŸ‘â¤ï¸â¤ï¸â¤ï¸â¤ï¸
2024-11-27 07:22:42+00:00,-1001843670580,Jackpot return â¤ï¸ğŸ‘ğŸ‘â¤ï¸â¤ï¸â¤ï¸â¤ï¸
2024-11-27 07:22:01+00:00,-1001843670580,
2024-11-27 07:22:01+00:00,-1001843670580,Jackpot return today â¤ï¸ğŸ‘ğŸ‘ğŸ‘ğŸ‘â¤ï¸â¤ï¸
2024-11-27 07:10:32+00:00,-1001843670580,Jackpot return today â¤ï¸ğŸ‘ğŸ‘â¤ï¸â¤ï¸ğŸ‘ğŸ‘
2024-11-27 07:09:08+00:00,-1001843670580,"Exide battery after break morning Star pattern high

Â Â Â  421------441â¤ï¸ğŸ‘ğŸ‘ğŸ‘â¤ï¸â¤ï¸ğŸ‘ğŸ‘â¤ï¸ğŸ‘â¤ï¸â¤ï¸"
2024-11-27 07:05:35+00:00,-1001843670580,Nifty range breakâ¤ï¸ğŸ‘ğŸ‘ğŸ‘â¤ï¸â¤ï¸ğŸ‘ğŸ‘ğŸ‘ğŸ‘ğŸ‘
2024-11-27 07:04:16+00:00,-1001843670580,Jackpot return today â¤ï¸ğŸ‘ğŸ‘â¤ï¸ğŸ‘ğŸ‘ğŸ‘
2024-11-27 07:03:30+00:00,-1001843670580,Jackpot return today â¤ï¸â¤ï¸ğŸ‘â¤ï¸â¤ï¸ğŸ‘ğŸ‘ğŸ‘ğŸ‘
2024-11-27 07:02:38+00:00,-1001843670580,Jackpot return today â¤ï¸ğŸ‘ğŸ‘â¤ï¸â¤ï¸ğŸ‘ğŸ‘
2024-11-27 07:02:23+00:00,-1001843670580,Jackpot return today â¤ï¸ğŸ‘ğŸ‘ğŸ‘â¤ï¸ğŸ‘ğŸ‘
2024-11-27 07:01:31+00:00,-1001843670580,Jackpot return today is
2024-11-27 07:01:22+00:00,-1001843670580,Jackpot return today â¤ï¸ğŸ‘ğŸ‘â¤ï¸â¤ï¸ğŸ‘
2024-11-27 07:00:14+00:00,-1001843670580,Jackpot return today â¤ï¸ğŸ‘ğŸ‘ğŸ‘â¤ï¸â¤ï¸ğŸ‘ğŸ‘ğŸ‘â¤ï¸ğŸ‘
2024-11-27 06:55:19+00:00,-1001843670580,Target done 24250 Target done âœ…ğŸ‘ğŸ‘ğŸ‘ğŸ‘âœ…âœ…
2024-11-27 06:54:58+00:00,-1001843670580,109
2024-11-27 06:54:26+00:00,-1001843670580,
2024-11-27 06:52:30+00:00,-1001843670580,
2024-11-27 06:51:40+00:00,-1001843670580,92
2024-11-27 06:44:51+00:00,-1001843670580,Scond Target done ğŸ‘âœ…âœ…ğŸ‘ğŸ‘ğŸ‘
2024-11-27 06:43:38+00:00,-1001843670580,Live Capital 4x return âœŒï¸âœŒï¸
2024-11-27 06:38:21+00:00,-1001843670580,finnifty 50 points up âœŒï¸âœŒï¸
2024-11-27 06:38:01+00:00,-1001843670580,banknifty 150 points up âœŒï¸âœŒï¸
2024-11-27 06:23:01+00:00,-1001843670580,Jackpot return today
2024-11-27 06:17:54+00:00,-1001843670580,"Finnifty totally consolidate 
No movementâ¤ï¸â¤ï¸ğŸ‘â¤ï¸â¤ï¸ğŸ‘ğŸ‘"
2024-11-27 06:17:28+00:00,-1001843670580,Nifty 15 minutes important chartâ¤ï¸ğŸ‘ğŸ‘ğŸ‘â¤ï¸â¤ï¸â¤ï¸â¤ï¸ğŸ‘
2024-11-27 06:17:06+00:00,-1001843670580,Yesterday Dow jones closed at record highâ¤ï¸ğŸ‘ğŸ‘â¤ï¸â¤ï¸ğŸ‘â¤ï¸â¤ï¸
2024-11-27 05:54:57+00:00,-1001843670580,Jackpot return today â¤ï¸â¤ï¸ğŸ‘â¤ï¸â¤ï¸â¤ï¸ğŸ‘ğŸ‘ğŸ‘
2024-11-27 05:54:43+00:00,-1001843670580,Jackpot return today â¤ï¸ğŸ‘â¤ï¸â¤ï¸â¤ï¸ğŸ‘ğŸ‘â¤ï¸
2024-11-27 05:52:54+00:00,-1001843670580,Jackpot return today
2024-11-27 05:52:24+00:00,-1001843670580,
2024-11-27 05:52:24+00:00,-1001843670580,Jackpot return today is
2024-11-27 05:52:05+00:00,-1001843670580,
2024-11-27 05:52:04+00:00,-1001843670580,Jackpot return today
2024-11-27 05:51:53+00:00,-1001843670580,Jackpot return today â¤ï¸ğŸ‘â¤ï¸â¤ï¸â¤ï¸â¤ï¸
2024-11-27 05:51:41+00:00,-1001843670580,Jackpot return today
2024-11-27 05:51:31+00:00,-1001843670580,Jackpot return today
2024-11-27 05:51:24+00:00,-1001843670580,Jackpot return today
2024-11-27 05:24:59+00:00,-1001843670580,"Banknifty monthly timeframe important support trendline 
And same situation like Finniftyâ¤ï¸ğŸ‘ğŸ‘â¤ï¸â¤ï¸â¤ï¸ğŸ‘ğŸ‘ğŸ‘ğŸ‘ğŸ‘"
2024-11-27 05:19:55+00:00,-1001843670580,Previous candle ka high 24600 per hold ho gye then lower lo trend break ho jaayegaâ¤ï¸ğŸ‘ğŸ‘â¤ï¸â¤ï¸
2024-11-27 05:19:24+00:00,-1001843670580,"Finnifty monthly chart looking bullish 
But trend down h
Because ho lower lo lower pattern hâ¤ï¸ğŸ‘ğŸ‘â¤ï¸â¤ï¸ğŸ‘â¤ï¸â¤ï¸ğŸ‘ğŸ‘â¤ï¸"
2024-11-27 05:18:06+00:00,-1001843670580,Jackpot return today â¤ï¸ğŸ‘ğŸ‘â¤ï¸â¤ï¸ğŸ‘ğŸ‘
2024-11-27 05:16:42+00:00,-1001843670580,"Nifty monthly chart important trendline support 
Monthly candle closing hone vaali h
Iske according ab 23300 nifty ka important support hâ¤ï¸ğŸ‘ğŸ‘â¤ï¸â¤ï¸â¤ï¸ğŸ‘â¤ï¸â¤ï¸â¤ï¸"
2024-11-27 05:14:34+00:00,-1001843670580,"Hamne bhi buy Kiya tha
Investment amount nikal kar profits ke share hold kar liye theâ¤ï¸ğŸ‘ğŸ‘ğŸ‘â¤ï¸â¤ï¸â¤ï¸â¤ï¸"
2024-11-27 05:13:18+00:00,-1001843670580,"Sterling tools
Aapko 418 per bola tha September me
Now trade at 680"
2024-11-27 05:12:52+00:00,-1001843670580,Jackpot return today â¤ï¸â¤ï¸ğŸ‘ğŸ‘â¤ï¸â¤ï¸â¤ï¸
2024-11-27 05:12:29+00:00,-1001843670580,Jackpot return today â¤ï¸ğŸ‘ğŸ‘â¤ï¸â¤ï¸
2024-11-27 05:12:17+00:00,-1001843670580,Jackpot return today â¤ï¸ğŸ‘â¤ï¸â¤ï¸â¤ï¸â¤ï¸ğŸ‘
2024-11-27 05:12:02+00:00,-1001843670580,Jackpot return today â¤ï¸ğŸ‘ğŸ‘ğŸ‘â¤ï¸â¤ï¸
2024-11-27 05:11:48+00:00,-1001843670580,Jackpot return today â¤ï¸ğŸ‘ğŸ‘â¤ï¸â¤ï¸â¤ï¸
2024-11-27 05:11:33+00:00,-1001843670580,Jackpot return today â¤ï¸ğŸ‘â¤ï¸â¤ï¸ğŸ‘ğŸ‘â¤ï¸â¤ï¸ğŸ‘
2024-11-27 05:04:56+00:00,-1001843670580,"#Netweb
Cmp-Rs.2985

Yeh Chart kuch kahe raha hai

Support around 2750âœŒï¸âœŒï¸âœŒï¸"
2024-11-27 05:03:20+00:00,-1001843670580,"NTPC Most awaited IPO 15% listing gain 
Jisne apply Kiya like kardo"
2024-11-27 04:54:46+00:00,-1001843670580,Jackpot return today â¤ï¸ğŸ‘ğŸ‘â¤ï¸â¤ï¸ğŸ‘ğŸ‘â¤ï¸â¤ï¸ğŸ‘ğŸ‘ğŸ‘
2024-11-27 04:53:29+00:00,-1001843670580,
2024-11-27 04:53:24+00:00,-1001843670580,finnifty triangle pattern âœŒï¸âœŒï¸
2024-11-27 04:53:08+00:00,-1001843670580,75
2024-11-27 04:50:25+00:00,-1001843670580,72
2024-11-27 04:49:27+00:00,-1001843670580,70
2024-11-27 04:49:21+00:00,-1001843670580,66
2024-11-27 04:49:17+00:00,-1001843670580,65
2024-11-27 04:49:06+00:00,-1001843670580,"Buy nifty 24250 call
@ 64
SL.
TGT.75.80.85.90.95.100"
2024-11-27 04:40:00+00:00,-1001843670580,banknifty ke liye 52000 strong support h
2024-11-27 04:39:26+00:00,-1001843670580,banknifty morning star candle stick pattern in 15 minutesâ¤ï¸ğŸ‘ğŸ‘ğŸ‘â¤ï¸â¤ï¸ğŸ‘â¤ï¸â¤ï¸
2024-11-27 04:05:36+00:00,-1001843670580,finnifty important support trendline âœŒï¸âœŒï¸
2024-11-27 04:03:08+00:00,-1001843670580,"Cochin ship
Important support weekly chart 
Keep an eye on this âœŒï¸âœŒï¸"
2024-11-27 04:02:50+00:00,-1001843670580,Finnifty high and low break than entry
2024-11-27 02:52:15+00:00,-1001843670580,"Finnifty important level âœŒï¸âœŒï¸
TF 15 min ğŸ’¥ğŸ’¥ğŸ’¥ğŸ’¥ğŸ’¥ğŸ’¥ğŸ’¥"
2024-11-27 02:51:48+00:00,-1001843670580,"Midcpnifty important levels âœŒï¸âœŒï¸
TF 15 min ğŸ’¥ğŸ’¥ğŸ’¥ğŸ’¥ğŸ’¥ğŸ’¥ğŸ’¥ğŸ’¥"
2024-11-27 02:51:32+00:00,-1001843670580,"Banknifty important levels âœŒï¸âœŒï¸
TF 30min ğŸ’¥ğŸ’¥ğŸ’¥ğŸ’¥ğŸ’¥ğŸ’¥ğŸ’¥ğŸ’¥"
2024-11-27 02:50:45+00:00,-1001843670580,"Nifty important levels âœŒï¸âœŒï¸
TF 1hr  ğŸ’¥ğŸ’¥ğŸ’¥ğŸ’¥ğŸ’¥ğŸ’¥ğŸ’¥"
2024-11-27 02:41:12+00:00,-1001843670580,Long short ratio of fii dii data â¤ï¸â¤ï¸ğŸ‘ğŸ‘â¤ï¸â¤ï¸ğŸ‘ğŸ‘ğŸ‘ğŸ‘
2024-11-27 02:40:08+00:00,-1001843670580,"Fii dii data 
After 39 session dii continue selling 
Fii continue buying â¤ï¸â¤ï¸ğŸ‘â¤ï¸â¤ï¸ğŸ‘ğŸ‘â¤ï¸"
2024-11-27 02:31:17+00:00,-1001843670580,"Global market view 
Gifnifty showing gap upâ¤ï¸ğŸ‘ğŸ‘ğŸ‘ğŸ‘ğŸ‘ğŸ‘"
2024-11-27 02:29:51+00:00,-1001843670580,
2024-11-26 08:29:24+00:00,-1001843670580,
2024-11-26 08:29:24+00:00,-1001843670580,Jackpot return today
2024-11-26 08:29:12+00:00,-1001843670580,Jackpot return today
2024-11-26 08:28:55+00:00,-1001843670580,Jackpot return today
2024-11-26 08:28:00+00:00,-1001843670580,Jackpot return today
2024-11-26 08:27:41+00:00,-1001843670580,
2024-11-26 08:27:41+00:00,-1001843670580,Jackpot return today â¤ï¸ğŸ‘ğŸ‘â¤ï¸ğŸ‘ğŸ‘ğŸ‘â¤ï¸â¤ï¸â¤ï¸
2024-11-26 08:27:11+00:00,-1001843670580,
2024-11-26 08:27:11+00:00,-1001843670580,Jackpot return today â¤ï¸ğŸ‘ğŸ‘â¤ï¸â¤ï¸ğŸ‘ğŸ‘â¤ï¸â¤ï¸ğŸ‘
2024-11-26 08:26:37+00:00,-1001843670580,
2024-11-26 08:26:37+00:00,-1001843670580,Jackpot return today â¤ï¸â¤ï¸ğŸ‘ğŸ‘â¤ï¸ğŸ‘ğŸ‘â¤ï¸â¤ï¸â¤ï¸
2024-11-26 08:23:13+00:00,-1001843670580,#PEL breakout stocks âœŒï¸âœŒï¸âœŒï¸âœŒï¸
2024-11-26 07:57:01+00:00,-1001843670580,Jackpot return today â¤ï¸ğŸ‘â¤ï¸â¤ï¸ğŸ‘â¤ï¸â¤ï¸ğŸ‘ğŸ‘
2024-11-26 07:56:50+00:00,-1001843670580,Jackpot return today â¤ï¸ğŸ‘â¤ï¸â¤ï¸ğŸ‘â¤ï¸â¤ï¸ğŸ‘ğŸ‘ğŸ‘
2024-11-26 07:56:40+00:00,-1001843670580,Jackpot return today â¤ï¸ğŸ‘ğŸ‘â¤ï¸â¤ï¸ğŸ‘
2024-11-26 07:44:28+00:00,-1001843670580,Jackpot return today â¤ï¸ğŸ‘â¤ï¸â¤ï¸ğŸ‘ğŸ‘â¤ï¸â¤ï¸ğŸ‘ğŸ‘
2024-11-26 07:44:08+00:00,-1001843670580,Jackpot return today â¤ï¸ğŸ‘ğŸ‘â¤ï¸ğŸ‘ğŸ‘â¤ï¸ğŸ‘ğŸ‘â¤ï¸ğŸ‘ğŸ‘ğŸ‘
2024-11-26 07:43:31+00:00,-1001843670580,
2024-11-26 07:43:31+00:00,-1001843670580,Jackpot return today â¤ï¸ğŸ‘ğŸ‘â¤ï¸â¤ï¸ğŸ‘ğŸ‘â¤ï¸â¤ï¸ğŸ‘ğŸ‘
2024-11-26 07:42:59+00:00,-1001843670580,
2024-11-26 07:42:59+00:00,-1001843670580,Jackpot return today â¤ï¸â¤ï¸ğŸ‘â¤ï¸â¤ï¸ğŸ‘ğŸ‘â¤ï¸â¤ï¸ğŸ‘ğŸ‘
2024-11-26 07:42:37+00:00,-1001843670580,
2024-11-26 07:42:37+00:00,-1001843670580,Jackpot return today â¤ï¸â¤ï¸ğŸ‘â¤ï¸ğŸ‘ğŸ‘â¤ï¸â¤ï¸ğŸ‘ğŸ‘ğŸ‘
2024-11-26 07:42:22+00:00,-1001843670580,Jackpot return today â¤ï¸â¤ï¸ğŸ‘ğŸ‘â¤ï¸ğŸ‘ğŸ‘â¤ï¸â¤ï¸ğŸ‘ğŸ‘
2024-11-26 07:42:22+00:00,-1001843670580,
2024-11-26 07:39:32+00:00,-1001843670580,Jackpot return today â¤ï¸ğŸ‘ğŸ‘â¤ï¸â¤ï¸ğŸ‘ğŸ‘â¤ï¸â¤ï¸â¤ï¸ğŸ‘ğŸ‘ğŸ‘ğŸ‘ğŸ‘â¤ï¸
2024-11-26 07:35:57+00:00,-1001843670580,
2024-11-26 07:35:57+00:00,-1001843670580,
2024-11-26 07:35:57+00:00,-1001843670580,
2024-11-26 07:35:57+00:00,-1001843670580,
2024-11-26 07:29:12+00:00,-1001843670580,Jackpot return today â¤ï¸ğŸ‘ğŸ‘â¤ï¸â¤ï¸ğŸ‘ğŸ‘â¤ï¸â¤ï¸
2024-11-26 07:28:58+00:00,-1001843670580,Jackpot return today â¤ï¸ğŸ‘ğŸ‘â¤ï¸â¤ï¸ğŸ‘
2024-11-26 07:28:39+00:00,-1001843670580,Jackpot return today â¤ï¸ğŸ‘ğŸ‘â¤ï¸â¤ï¸â¤ï¸
2024-11-26 07:28:31+00:00,-1001843670580,Jackpot return today â¤ï¸ğŸ‘ğŸ‘â¤ï¸â¤ï¸â¤ï¸ğŸ‘â¤ï¸
2024-11-26 07:28:21+00:00,-1001843670580,Jackpot return today â¤ï¸ğŸ‘ğŸ‘â¤ï¸â¤ï¸ğŸ‘ğŸ‘
2024-11-26 07:27:14+00:00,-1001843670580,
2024-11-26 07:27:14+00:00,-1001843670580,Jackpot return today â¤ï¸ğŸ‘ğŸ‘â¤ï¸â¤ï¸ğŸ‘ğŸ‘â¤ï¸â¤ï¸
2024-11-26 07:24:40+00:00,-1001843670580,#JINDALPOLY breakout stocks âœŒï¸âœŒï¸
2024-11-26 07:24:10+00:00,-1001843670580,#KFINTECH breakout stocks âœŒï¸âœŒï¸
2024-11-26 05:59:12+00:00,-1001843670580,Morning jackpot return â¤ï¸ğŸ‘ğŸ‘â¤ï¸ğŸ‘ğŸ‘ğŸ‘
2024-11-26 05:16:41+00:00,-1001843670580,Morning blast jackpot â¤ï¸ğŸ‘ğŸ‘â¤ï¸â¤ï¸ğŸ‘ğŸ‘â¤ï¸â¤ï¸
2024-11-26 05:15:33+00:00,-1001843670580,Jackpot return today â¤ï¸ğŸ‘ğŸ‘â¤ï¸ğŸ‘ğŸ‘â¤ï¸â¤ï¸ğŸ‘
2024-11-26 05:15:15+00:00,-1001843670580,Morning jackpot return â¤ï¸ğŸ‘ğŸ‘â¤ï¸ğŸ‘ğŸ‘â¤ï¸ğŸ‘
2024-11-26 05:14:57+00:00,-1001843670580,Morning jackpot return â¤ï¸ğŸ‘ğŸ‘â¤ï¸â¤ï¸ğŸ‘ğŸ‘ğŸ‘â¤ï¸
2024-11-26 05:13:32+00:00,-1001843670580,Morning jackpot return ğŸ‘ğŸ‘â¤ï¸â¤ï¸â¤ï¸ğŸ‘ğŸ‘ğŸ‘â¤ï¸ğŸ‘
2024-11-26 04:52:47+00:00,-1001843670580,nifty ne agar kal low break kiya then gap fill ho sakta hâ¤ï¸ğŸ‘ğŸ‘â¤ï¸â¤ï¸â¤ï¸
2024-11-26 04:46:33+00:00,-1001843670580,Morning jackpot return â¤ï¸ğŸ‘â¤ï¸â¤ï¸â¤ï¸ğŸ‘
2024-11-26 04:46:23+00:00,-1001843670580,Morning jackpot return â¤ï¸ğŸ‘ğŸ‘â¤ï¸â¤ï¸â¤ï¸ğŸ‘â¤ï¸â¤ï¸â¤ï¸
2024-11-26 04:44:20+00:00,-1001843670580,Jackpot return today â¤ï¸â¤ï¸ğŸ‘â¤ï¸â¤ï¸ğŸ‘ğŸ‘â¤ï¸â¤ï¸ğŸ‘ğŸ‘
2024-11-26 04:43:34+00:00,-1001843670580,
2024-11-26 04:43:34+00:00,-1001843670580,Jackpot return today â¤ï¸ğŸ‘â¤ï¸â¤ï¸ğŸ‘ğŸ‘â¤ï¸â¤ï¸ğŸ‘ğŸ‘â¤ï¸â¤ï¸ğŸ‘ğŸ‘
2024-11-26 04:42:41+00:00,-1001843670580,Morning jackpot return â¤ï¸â¤ï¸ğŸ‘â¤ï¸â¤ï¸â¤ï¸ğŸ‘â¤ï¸â¤ï¸ğŸ‘â¤ï¸â¤ï¸
2024-11-26 04:41:35+00:00,-1001843670580,Respect to â¤ï¸ğŸ‘ğŸ‘ğŸ‘â¤ï¸â¤ï¸
2024-11-26 04:37:48+00:00,-1001843670580,Morning jackpot return â¤ï¸ğŸ‘â¤ï¸â¤ï¸ğŸ‘ğŸ‘
2024-11-26 04:37:43+00:00,-1001843670580,Morning jackpot return â¤ï¸ğŸ‘â¤ï¸â¤ï¸â¤ï¸ğŸ‘ğŸ‘
2024-11-26 04:37:07+00:00,-1001843670580,Morning jackpot return today â¤ï¸ğŸ‘ğŸ‘â¤ï¸â¤ï¸â¤ï¸ğŸ‘ğŸ‘ğŸ‘â¤ï¸â¤ï¸â¤ï¸ğŸ‘
2024-11-26 04:36:44+00:00,-1001843670580,Wipro important resistance trendline breakâ¤ï¸â¤ï¸ğŸ‘â¤ï¸â¤ï¸â¤ï¸â¤ï¸ğŸ‘ğŸ‘ğŸ‘
2024-11-26 04:35:51+00:00,-1001843670580,nifty 70 points down after break the evening star candle stick pattern lowâ¤ï¸ğŸ‘â¤ï¸â¤ï¸ğŸ‘ğŸ‘â¤ï¸â¤ï¸
2024-11-26 04:34:35+00:00,-1001843670580,"Nifty important resistance 

Â Â  24126 is important supâ¤ï¸â¤ï¸ğŸ‘â¤ï¸â¤ï¸ğŸ‘â¤ï¸â¤ï¸ğŸ‘â¤ï¸â¤ï¸â¤ï¸"
2024-11-26 04:34:06+00:00,-1001843670580,Banknifty same situationâ¤ï¸ğŸ‘ğŸ‘ğŸ‘â¤ï¸â¤ï¸â¤ï¸â¤ï¸
2024-11-26 04:33:47+00:00,-1001843670580,"Finnifty me 24050 kal ka day low important h
If ye break hua then gap fill ho sakta hâ¤ï¸ğŸ‘ğŸ‘ğŸ‘ğŸ‘â¤ï¸â¤ï¸â¤ï¸ğŸ‘â¤ï¸â¤ï¸â¤ï¸â¤ï¸"
2024-11-26 04:28:54+00:00,-1001843670580,
2024-11-26 04:27:38+00:00,-1001843670580,Morning jackpot return â¤ï¸â¤ï¸ğŸ‘ğŸ‘â¤ï¸ğŸ‘ğŸ‘â¤ï¸â¤ï¸ğŸ‘ğŸ‘ğŸ‘ğŸ‘ğŸ‘ğŸ‘â¤ï¸â¤ï¸ğŸ‘ğŸ‘
2024-11-26 04:23:04+00:00,-1001843670580,52300 put all Target done ğŸ‘ğŸ‘âœ…âœ…ğŸ‘âœ…
2024-11-26 04:23:03+00:00,-1001843670580,"52300 puts all Target done ğŸ‘âœ…âœ…ğŸ‘ğŸ‘âœ…âœ… 108 point achieve by put 
Jackpot return today put"
2024-11-26 04:14:44+00:00,-1001843670580,nifty evening star candle stick pattern in 15 minutesâ¤ï¸ğŸ‘ğŸ‘â¤ï¸â¤ï¸â¤ï¸â¤ï¸â¤ï¸
2024-11-26 04:13:13+00:00,-1001843670580,Target done ğŸ‘âœ…âœ…ğŸ‘ğŸ‘âœ…âœ…âœ…âœ…âœ…âœ…ğŸ‘âœ…âœ…âœ…âœ…âœ…ğŸ‘ğŸ‘
2024-11-26 04:10:04+00:00,-1001843670580,260
2024-11-26 04:09:49+00:00,-1001843670580,258
2024-11-26 04:09:39+00:00,-1001843670580,257
2024-11-26 04:09:33+00:00,-1001843670580,255
2024-11-26 04:09:19+00:00,-1001843670580,250
2024-11-26 04:08:57+00:00,-1001843670580,245
2024-11-26 04:08:44+00:00,-1001843670580,240
2024-11-26 04:08:40+00:00,-1001843670580,230
2024-11-26 04:08:33+00:00,-1001843670580,"Buy banknifty 52400 call 
@ 225

SL
TGT.250.260."
2024-11-26 04:04:16+00:00,-1001843670580,banknifty ke liye 52600 important resistance h ye break hua banknifty fast upside jayegiâ¤ï¸â¤ï¸ğŸ‘â¤ï¸â¤ï¸ğŸ‘ğŸ‘â¤ï¸
2024-11-26 04:03:48+00:00,-1001843670580,nifty ke liye kal kaÂ  high important resistance hâ¤ï¸ğŸ‘ğŸ‘ğŸ‘â¤ï¸â¤ï¸â¤ï¸ğŸ‘ğŸ‘â¤ï¸â¤ï¸â¤ï¸
2024-11-26 04:02:32+00:00,-1001843670580,
2024-11-26 03:56:51+00:00,-1001843670580,313
2024-11-26 03:56:34+00:00,-1001843670580,309
2024-11-26 03:56:28+00:00,-1001843670580,300
2024-11-26 03:56:17+00:00,-1001843670580,294
2024-11-26 03:56:08+00:00,-1001843670580,291
2024-11-26 03:55:48+00:00,-1001843670580,290
2024-11-26 03:55:25+00:00,-1001843670580,288
2024-11-26 03:55:20+00:00,-1001843670580,286
2024-11-26 03:54:58+00:00,-1001843670580,283
